n	gamma_n	connes_x13_PUBLISHED_UPPERBOUND	ratio_ours_over_published	beast_x3_COMPUTED	beast_x5_COMPUTED	beast_x7_COMPUTED	beast_x9_COMPUTED	beast_x11_COMPUTED	beast_x13_COMPUTED	beast_x15_COMPUTED	beast_x17_COMPUTED	beast_x19_COMPUTED	beast_x23_COMPUTED	idxoff_x3	idxoff_x5	idxoff_x7	idxoff_x9	idxoff_x11	idxoff_x13	idxoff_x15	idxoff_x17	idxoff_x19	idxoff_x23
1	14.134725141734693790457251983562470270784257	2.60179e-55	1.00000085	4.6423465e-5	2.6363674e-14	3.2231084e-24	1.6788658e-34	7.6898954e-45	2.6017922e-55	6.3914224e-66	2.2888494e-76	1.6203811e-86	7.8613379e-103	0	0	0	0	0	0	0	0	0	0
2	21.022039638771554992628479593896902777334340	4.80071e-52	0.999999854	0.0045023748	1.3256824e-11	3.0162939e-21	2.1851517e-31	1.2315297e-41	4.8007093e-52	1.3071658e-62	5.0656154e-73	3.8245701e-83	2.0880039e-99	0	0	0	0	0	0	0	0	0	0
3	25.010857580145688763213790992562821818659549	4.43756e-50	1.00000034	0.038630811	4.5064461e-10	1.6605103e-19	1.5486406e-29	1.0222e-39	4.4375615e-50	1.3064559e-60	5.3751736e-71	4.2611689e-81	2.5442128e-97	0	0	0	0	0	0	0	0	0	0
4	30.424876125859513210311897530584091320181560	3.89903e-47	1.00000062	0.4631155	7.4526517e-8	6.1962298e-17	8.7860496e-27	7.5251331e-37	3.8990324e-47	1.3048786e-57	5.9221289e-68	5.0853496e-78	3.5160679e-94	0	0	0	0	0	0	0	0	0	0
5	32.935061587739189690662368964074903488812715	7.59453e-46	0.999999776	1.6575325	5.8750476e-7	7.6279051e-16	1.3549359e-25	1.3338675e-35	7.5945283e-46	2.7209948e-56	1.3010155e-66	1.165634e-76	8.7127647e-93	0	0	0	0	0	0	0	0	0	0
6	37.586178158825671257217763480705332821405597	1.13198e-43	0.999999823	1.9470365	1.2919355e-5	4.3627335e-14	1.2427515e-23	1.6348776e-33	1.1319798e-43	4.6709463e-54	2.4878187e-64	2.4334632e-74	2.1372803e-90	0	0	0	0	0	0	0	0	0	0
7	40.918719012147495187398126914633254395726165	1.07245e-41	0.999998881	1.3855044	0.00025224175	1.9028114e-12	7.9619082e-22	1.3235345e-31	1.0724488e-41	4.9559993e-52	2.8778789e-62	3.0198909e-72	3.0179412e-88	-1	0	0	0	0	0	0	0	0	0
8	43.327073280914999519496122165406805782645668	1.2694e-40	0.999998424	0.45491556	0.00084450234	1.2247791e-11	6.9405553e-21	1.3857127e-30	1.269398e-40	6.407127e-51	3.9792611e-61	4.4100969e-71	4.8729854e-87	-1	0	0	0	0	0	0	0	0	0
9	48.005150881167159727942472749427516041686844	4.40141e-38	0.999999773	1.5252149	0.017784174	1.1507136e-9	1.2544375e-18	3.7026358e-28	4.401409e-38	2.678001e-48	1.9173842e-58	2.3850855e-68	3.2591975e-84	-1	0	0	0	0	0	0	0	0	0
10	49.773832477672302181916784678563724057723178	4.24869e-37	0.99999887	0.24346667	0.054213655	6.4867151e-9	9.275063e-18	3.213639e-27	4.2486852e-37	2.7893872e-47	2.1159829e-57	2.7585283e-67	4.1094068e-83	-2	0	0	0	0	0	0	0	0	0
11	52.970321477714460644147296608880990063825017	5.86724e-36	0.999999591	2.041517	0.07063619	3.174348e-8	7.6824944e-17	3.6213758e-26	5.8672376e-36	4.4537496e-46	3.7720429e-56	5.3770203e-66	9.4425951e-82	-2	0	0	0	0	0	0	0	0	0
12	56.446247697063394804367759476706127552782264	3.24443e-34	1.0000008	1.4344092	0.18730772	5.1335879e-7	2.3311625e-15	1.5786825e-24	3.2444326e-34	2.916992e-44	2.808541e-54	4.4418964e-64	9.4462891e-80	-3	0	0	0	0	0	0	0	0	0
13	59.347044002602353079653648674992219031098772	2.44517e-32	0.999999959	0.73754134	0.69646601	1.2708377e-5	1.0262075e-13	9.6228356e-23	2.4451699e-32	2.5555371e-42	2.7572413e-52	4.7817432e-62	1.2052427e-77	-3	0	0	0	0	0	0	0	0	0
14	60.831778524609809844259901824524003802910090	9.02026e-32	0.999999667	0.74719318	0.78826852	2.5656063e-5	2.8364961e-13	3.1687248e-22	9.020257e-32	1.0216452e-41	1.1712783e-51	2.1335348e-61	5.8875006e-77	-4	-1	0	0	0	0	0	0	0	0
15	65.112544048081606660875054253183705029348149	5.13539e-30	0.99999963	1.2270362	1.5141026	0.00022371556	6.6606316e-12	1.2752122e-20	5.1353881e-30	7.42845e-40	1.0241329e-49	2.1653267e-59	7.8674474e-75	-4	-1	0	0	0	0	0	0	0	0
16	67.079810529494173714478828896522216770107144	7.04142e-29	1.00000013	0.74023024	2.6735067	0.0012008183	5.9127636e-11	1.4760711e-19	7.0414209e-29	1.1472403e-38	1.7297458e-48	3.931207e-58	1.6322896e-73	-5	-1	0	0	0	0	0	0	0	0
17	69.546401711173979252926857526554738443012474	6.47754e-28	0.999999583	1.7944151	0.20691549	0.0031540623	3.0725304e-10	1.0880143e-18	6.4775373e-28	1.2324767e-37	2.0878876e-47	5.2126978e-57	2.5749423e-72	-5	-2	0	0	0	0	0	0	0	0
18	72.067157674481907582522107969826168390480906	4.96772e-27	1.0000007	0.72634082	0.75802149	0.006046709	1.2739101e-9	6.5814303e-18	4.9677235e-27	1.1153709e-36	2.1391189e-46	5.9021483e-56	3.5077091e-71	-6	-2	0	0	0	0	0	0	0	0
19	75.704690699083933168326916762030345922811903	5.86016e-25	1.00000029	1.4438653	0.99389638	0.073874095	5.8293943e-8	5.4023623e-16	5.8601617e-25	1.69229e-34	3.9174428e-44	1.257569e-53	9.8917139e-69	-6	-2	0	0	0	0	0	0	0	0
20	77.144840068874805372682664856304637015796032	3.76751e-24	0.999999735	0.00371593	0.44625299	0.21933357	2.5234226e-7	2.9881684e-15	3.767509e-24	1.2071291e-33	3.0195718e-43	1.0316521e-52	9.1075964e-68	-7	-3	0	0	0	0	0	0	0	0
21	79.337375020249367922763592877116228190613246	1.03779e-23	1.00000347	2.188819	0.5589121	0.14611257	3.7165874e-7	6.4960475e-15	1.0377936e-23	3.9138119e-33	1.1053449e-42	4.1630753e-52	4.403027e-67	-8	-3	0	0	0	0	0	0	0	0
22	82.910380854086030183164837494770609497508880	3.52722e-22	1.00000011	0.1501596	1.0366287	0.26103302	4.2615828e-6	1.4701769e-13	3.5272204e-22	1.7570742e-31	6.1011692e-41	2.7119655e-50	3.9006597e-65	-8	-3	0	0	0	0	0	0	0	0
23	84.735492980517050105735311206827741417106627	3.03977e-21	0.999998651	1.6749525	0.78848343	0.61137677	2.0370374e-5	1.0186799e-12	3.0397659e-21	1.7564994e-30	6.8072844e-40	3.3040448e-49	5.5956741e-64	-9	-4	0	0	0	0	0	0	0	0
24	87.425274613125229406531667850919213252171886	5.66201e-20	1.00000005	0.66694122	0.45121898	0.79020224	0.00015190186	1.3572708e-11	5.6620103e-20	4.1040378e-29	1.8801753e-38	1.0432402e-47	2.2657987e-62	-9	-4	0	0	0	0	0	0	0	0
25	88.809111207634465423682348079509378395444893	1.41755e-19	1.0000019	0.71689537	0.93261762	0.59363436	0.00023198682	2.8414361e-11	1.4175527e-19	1.1589418e-28	5.8015606e-38	3.45528e-47	8.5611694e-62	-10	-5	-1	0	0	0	0	0	0	0
26	92.491899270558484296259725241810684878721794	2.19821e-18	0.999998681	1.7916571	0.54352924	0.65273361	0.00088144247	2.6751702e-10	2.1982071e-18	2.5080854e-27	1.6034243e-36	1.160668e-45	4.1356466e-60	-10	-5	-1	0	0	0	0	0	0	0
27	94.651344040519886966597925815208153937728027	6.31599e-17	1.00000013	0.36778766	0.46743794	0.54768347	0.010382664	5.6434078e-9	6.3159908e-17	8.8412835e-26	6.5632152e-35	5.3510154e-44	2.3801644e-58	-11	-5	-1	0	0	0	0	0	0	0
28	95.870634228245309758741029219246781695256461	1.42037e-16	0.999996902	1.5870779	0.75185225	0.24914244	0.014037827	1.0599282e-8	1.4203656e-16	2.238403e-25	1.811564e-34	1.5819818e-43	7.9990644e-58	-12	-6	-1	0	0	0	0	0	0	0
29	98.831194218193692233324420138622327820658039	4.34328e-16	1.00000104	0.87247048	0.24423642	0.56730639	0.010849256	2.0556103e-8	4.3432845e-16	9.21353e-25	9.2535173e-34	9.5916982e-43	6.6803548e-57	-12	-6	-1	0	0	0	0	0	0	0
30	101.31785100573139122878544794029230890633286	4.47113e-15	1.00000103	1.6141863	1.4030359	0.97608609	0.031067442	1.4135663e-7	4.4711346e-15	1.2305349e-23	1.4918735e-32	1.7951157e-41	1.6525974e-55	-13	-6	-1	0	0	0	0	0	0	0
31	103.72553804047833941639840810869528083448117	7.01522e-14	1.0000001	1.415833	1.0046511	1.3338825	0.12478721	1.471183e-6	7.0152207e-14	2.5085863e-22	3.6721116e-31	5.1285041e-40	6.2414878e-54	-13	-7	-1	0	0	0	0	0	0	0
32	105.44662305232609449367083241411180899728275	3.81989e-13	0.999999607	0.30525203	0.67609834	0.38720249	0.28635408	5.8971474e-6	3.8198885e-13	1.6572063e-21	2.7863395e-30	4.3410874e-39	6.4857063e-53	-14	-7	-2	0	0	0	0	0	0	0
33	107.16861118427640751512335196308619121347670	5.99581e-13	0.999999466	2.0272402	1.0458898	0.17952122	0.17895598	6.7345333e-6	5.9958068e-13	3.1728607e-21	6.1479583e-30	1.0711615e-38	1.9741233e-52	-15	-8	-2	0	0	0	0	0	0	0
34	111.02953554316967452465645030994435041534596	4.26414e-11	0.999999531	0.28349544	0.085790765	0.46306711	0.3147546	0.0002239689	4.264138e-11	3.5944519e-19	9.691757e-28	2.1892396e-36	6.5747691e-50	-15	-8	-2	0	0	0	0	0	0	0
35	111.87465917699263708561207871677059496031174	1.10653e-10	1.00000027	0.56162819	0.9309144	0.38205653	0.53036903	0.00048788934	1.1065303e-10	1.0368398e-18	3.0123154e-27	7.2145313e-36	2.4191766e-49	-16	-9	-3	-1	0	0	0	0	0	0
36	114.32022091545271276589093727619107980991765	1.95651e-10	0.999999744	2.1128814	0.23463268	0.41130332	0.54407986	0.00050749308	1.9565095e-10	2.5106372e-18	9.0969498e-27	2.5898452e-35	1.203065e-48	-16	-9	-3	-1	0	0	0	0	0	0
37	116.22668032085755438216080431206475512732985	5.20728e-10	0.999999731	0.20642195	1.3712671	1.3430539	0.39018337	0.00087117198	5.2072786e-10	8.6143532e-18	3.7268603e-26	1.2185406e-34	1.9064594	-17	-9	-3	-1	0	0	0	0	0	-1
38	118.79078286597621732297913970269982434730621	2.05031e-9	0.999999756	2.3576806	1.1928355	1.2210486	0.22048839	0.0018204379	2.0503095e-9	4.8353857e-17	2.674935e-25	1.0590852e-33	9.1778311e-47	-18	-10	-4	-1	0	0	0	0	0	-1
39	121.37012500242064591894553297049992272300131	3.42274e-8	0.999998539	0.96101425	0.29174515	0.75032169	0.072318422	0.01501702	3.422735e-8	1.1717579e-15	8.3741862e-24	4.0445159e-32	5.1085306e-45	-18	-10	-4	-1	0	0	0	0	0	-1
40	122.94682929355258820081746033077001649621438	2.10931e-7	1.00000095	0.61569005	1.2849591	0.42328242	0.51695238	0.06073836	2.109312e-7	9.1451281e-15	7.6778917e-23	4.2003806e-31	6.7221363e-44	-19	-11	-4	-1	0	0	0	0	0	-1
41	124.25681855434576718473200796612992444157353	2.23714e-7	0.999999374	1.9256793	0.43362009	0.88670684	0.79303688	0.046767168	2.2371386e-7	1.1862987e-14	1.141634e-22	6.9397945e-31	1.3570933e-43	-20	-11	-5	-2	0	0	0	0	0	-1
42	127.51668387959649512427932376690607626808830	5.95608e-7	0.999999614	0.67272824	1.5976004	0.56788	0.71723259	0.039619833	5.9560777e-7	5.3263729e-14	7.2784968e-22	5.7946108e-30	1.8948546e-42	-20	-11	-5	-2	0	0	0	0	0	-1
43	129.57870419995605098576803390617997360864095	5.77737e-6	0.999999706	1.3892921	0.46441988	0.17612214	1.1096222	0.17655004	5.7773683e-6	7.3148985e-13	1.2583211e-20	1.194968e-28	5.4732874e-41	-21	-12	-5	-2	0	0	0	0	0	-1
44	131.08768853093265672356637246150134905920354	0.000141389	0.100000014	2.2725705	1.810818	1.3328622	0.39936217	0.2984537	1.4138902e-5	2.3301118e-12	4.7642208e-20	5.1623939e-28	3.0439366e-40	-21	-12	-6	-3	0	0	0	0	0	-1
45	133.49773720299758645013049204264060766497417	0.000556111	0.0999999479	0.13747821	0.59923063	0.83724854	0.29258142	0.41160609	5.5611071e-5	1.4209088e-11	3.8586208e-19	5.1886581e-27	4.6296981e-39	-22	-13	-6	-3	0	0	0	0	0	-1
46	134.75650975337387133132606415716973617839606	0.000720794	0.0999999556	1.3962508	1.5895961	0.18329546	0.96619113	0.59444154	7.2079368e-5	2.3370938e-11	7.3900447e-19	1.1152563e-26	1.2422865e-38	-23	-13	-6	-4	0	0	0	0	0	-1
47	138.11604205453344320019155519028244785983527	0.000314865	1.00000048	1.4066724	1.7699362	0.81116992	0.66764803	0.28675686	0.00031486515	1.9990578e-10	9.6238026e-18	1.9940619e-25	4.0934567e-37	-23	-14	-6	-3	0	0	0	0	0	-1
48	139.73620895212138895045004652338246084679005	0.0209081	0.100000019	0.2134945	0.40614789	0.80899698	0.95251887	0.78566089	0.0020908104	1.8725001e-9	1.1125537e-16	2.6991073e-24	7.5186656e-36	-24	-14	-7	-4	0	0	0	0	0	-1
49	141.12370740402112376194035381847535509030066	0.00313565	1.0000015	1.6009929	0.98135056	0.5854986	0.0052246796	0.60183756	0.0031356547	3.8060497e-9	2.7192431e-16	7.5709439e-24	2.7545228e-35	-25	-15	-7	-4	-1	0	0	0	0	-1
50	143.11184580762063273940512386891392996623310	0.00212727	1.0000015	1.8698368	0.73869372	1.4026398	0.46533549	0.24286936	0.0021272732	4.1016645e-9	3.8434867e-16	1.309164e-23	7.0492758e-35	-25	-15	-8	-4	-1	0	0	0	0	-1
