1	c46_block_even_x4_N60_dps300_g9_it16_k3.json	block even 4 60 300 9 16 3
1	c46_block_odd_x4_N60_dps300_g9_it16_k3.json	block odd 4 60 300 9 16 3
1	c46_block_even_x4p82_N60_dps300_g9_it16_k3.json	block even 4.82 60 300 9 16 3
1	c46_block_odd_x4p82_N60_dps300_g9_it16_k3.json	block odd 4.82 60 300 9 16 3
1	c46_block_even_x4p86_N60_dps300_g9_it16_k3.json	block even 4.86 60 300 9 16 3
1	c46_block_odd_x4p86_N60_dps300_g9_it16_k3.json	block odd 4.86 60 300 9 16 3
1	c46_block_even_x5_N60_dps300_g9_it16_k3.json	block even 5 60 300 9 16 3
1	c46_block_odd_x5_N60_dps300_g9_it16_k3.json	block odd 5 60 300 9 16 3
1	c46_block_even_x5p23_N60_dps300_g9_it16_k3.json	block even 5.23 60 300 9 16 3
1	c46_block_odd_x5p23_N60_dps300_g9_it16_k3.json	block odd 5.23 60 300 9 16 3
1	c46_block_even_x7_N60_dps300_g9_it16_k3.json	block even 7 60 300 9 16 3
1	c46_block_odd_x7_N60_dps300_g9_it16_k3.json	block odd 7 60 300 9 16 3
1	c46_block_even_x9_N60_dps300_g9_it16_k3.json	block even 9 60 300 9 16 3
1	c46_block_odd_x9_N60_dps300_g9_it16_k3.json	block odd 9 60 300 9 16 3
1	c46_block_even_x11_N60_dps300_g9_it16_k3.json	block even 11 60 300 9 16 3
1	c46_block_odd_x11_N60_dps300_g9_it16_k3.json	block odd 11 60 300 9 16 3
1	c46_block_even_x13_N60_dps300_g9_it16_k3.json	block even 13 60 300 9 16 3
1	c46_block_odd_x13_N60_dps300_g9_it16_k3.json	block odd 13 60 300 9 16 3
1	c46_block_even_x16_N60_dps300_g9_it16_k3.json	block even 16 60 300 9 16 3
1	c46_block_odd_x16_N60_dps300_g9_it16_k3.json	block odd 16 60 300 9 16 3
1	c46_block_even_x19_N60_dps300_g9_it16_k3.json	block even 19 60 300 9 16 3
1	c46_block_odd_x19_N60_dps300_g9_it16_k3.json	block odd 19 60 300 9 16 3
1	c46_block_even_x23_N60_dps300_g9_it16_k3.json	block even 23 60 300 9 16 3
1	c46_block_odd_x23_N60_dps300_g9_it16_k3.json	block odd 23 60 300 9 16 3
2	c46_block_even_x4_N100_dps300_g9_it16_k3.json	block even 4 100 300 9 16 3
2	c46_block_odd_x4_N100_dps300_g9_it16_k3.json	block odd 4 100 300 9 16 3
2	c46_block_even_x4p82_N100_dps300_g9_it16_k3.json	block even 4.82 100 300 9 16 3
2	c46_block_odd_x4p82_N100_dps300_g9_it16_k3.json	block odd 4.82 100 300 9 16 3
2	c46_block_even_x4p86_N100_dps300_g9_it16_k3.json	block even 4.86 100 300 9 16 3
2	c46_block_odd_x4p86_N100_dps300_g9_it16_k3.json	block odd 4.86 100 300 9 16 3
2	c46_block_even_x5_N100_dps300_g9_it16_k3.json	block even 5 100 300 9 16 3
2	c46_block_odd_x5_N100_dps300_g9_it16_k3.json	block odd 5 100 300 9 16 3
2	c46_block_even_x5p23_N100_dps300_g9_it16_k3.json	block even 5.23 100 300 9 16 3
2	c46_block_odd_x5p23_N100_dps300_g9_it16_k3.json	block odd 5.23 100 300 9 16 3
2	c46_block_even_x7_N100_dps300_g9_it16_k3.json	block even 7 100 300 9 16 3
2	c46_block_odd_x7_N100_dps300_g9_it16_k3.json	block odd 7 100 300 9 16 3
2	c46_block_even_x9_N100_dps300_g9_it16_k3.json	block even 9 100 300 9 16 3
2	c46_block_odd_x9_N100_dps300_g9_it16_k3.json	block odd 9 100 300 9 16 3
2	c46_block_even_x11_N100_dps300_g9_it16_k3.json	block even 11 100 300 9 16 3
2	c46_block_odd_x11_N100_dps300_g9_it16_k3.json	block odd 11 100 300 9 16 3
2	c46_block_even_x13_N100_dps300_g9_it16_k3.json	block even 13 100 300 9 16 3
2	c46_block_odd_x13_N100_dps300_g9_it16_k3.json	block odd 13 100 300 9 16 3
2	c46_block_even_x16_N100_dps300_g9_it16_k3.json	block even 16 100 300 9 16 3
2	c46_block_odd_x16_N100_dps300_g9_it16_k3.json	block odd 16 100 300 9 16 3
2	c46_block_even_x19_N100_dps300_g9_it16_k3.json	block even 19 100 300 9 16 3
2	c46_block_odd_x19_N100_dps300_g9_it16_k3.json	block odd 19 100 300 9 16 3
2	c46_block_even_x23_N100_dps300_g9_it16_k3.json	block even 23 100 300 9 16 3
2	c46_block_odd_x23_N100_dps300_g9_it16_k3.json	block odd 23 100 300 9 16 3
3	c46_block_even_x4_N86_dps300_g9_it16_k3.json	block even 4 86 300 9 16 3
3	c46_block_odd_x4_N86_dps300_g9_it16_k3.json	block odd 4 86 300 9 16 3
3	c46_block_even_x4p82_N98_dps300_g9_it16_k3.json	block even 4.82 98 300 9 16 3
3	c46_block_odd_x4p82_N98_dps300_g9_it16_k3.json	block odd 4.82 98 300 9 16 3
3	c46_block_even_x4p86_N98_dps300_g9_it16_k3.json	block even 4.86 98 300 9 16 3
3	c46_block_odd_x4p86_N98_dps300_g9_it16_k3.json	block odd 4.86 98 300 9 16 3
3	c46_block_even_x5p23_N103_dps300_g9_it16_k3.json	block even 5.23 103 300 9 16 3
3	c46_block_odd_x5p23_N103_dps300_g9_it16_k3.json	block odd 5.23 103 300 9 16 3
3	c46_block_even_x7_N121_dps300_g9_it16_k3.json	block even 7 121 300 9 16 3
3	c46_block_odd_x7_N121_dps300_g9_it16_k3.json	block odd 7 121 300 9 16 3
3	c46_block_even_x9_N137_dps300_g9_it16_k3.json	block even 9 137 300 9 16 3
3	c46_block_odd_x9_N137_dps300_g9_it16_k3.json	block odd 9 137 300 9 16 3
3	c46_block_even_x11_N149_dps300_g9_it16_k3.json	block even 11 149 300 9 16 3
3	c46_block_odd_x11_N149_dps300_g9_it16_k3.json	block odd 11 149 300 9 16 3
3	c46_block_even_x13_N159_dps300_g9_it16_k3.json	block even 13 159 300 9 16 3
3	c46_block_odd_x13_N159_dps300_g9_it16_k3.json	block odd 13 159 300 9 16 3
3	c46_block_even_x16_N172_dps300_g9_it16_k3.json	block even 16 172 300 9 16 3
3	c46_block_odd_x16_N172_dps300_g9_it16_k3.json	block odd 16 172 300 9 16 3
3	c46_block_even_x19_N183_dps300_g9_it16_k3.json	block even 19 183 300 9 16 3
3	c46_block_odd_x19_N183_dps300_g9_it16_k3.json	block odd 19 183 300 9 16 3
3	c46_block_even_x23_N195_dps300_g9_it16_k3.json	block even 23 195 300 9 16 3
3	c46_block_odd_x23_N195_dps300_g9_it16_k3.json	block odd 23 195 300 9 16 3
