our_string	ourW	ourW_md	ourW_data	their_string	theirW	binding	comparison_res_rel	our_half_ulp_rel	their_file
37.4819713608428817387593623904468580248697488408325728217061311779766385913905	78	25	78	37.4819713608428817387593623904468580248697488408325728217061311779766385913905426802842696260522510376005474554176664760312347805473536765790174362541	150	OURS	5.0e-78	5.0e-78	data/results/m3_L171_Dstar_newton_refine_output.txt
4.14818457993253249597741047202845430889207042561536883024504736042645118651156774	81	0	81	4.14818457993253249597741047202845430889207042561536883024504736042645118651156774038010912092306593272407477056931925304607636489137999960106986437164e-119	150	OURS	5.0e-81	5.0e-81	data/results/m3_L171_Dstar_newton_refine_output.txt
1.0000000000000002	17	13	17	1.0000000000000000000000000000000000000000000000000005682e-35	56	OURS	5.0e-17	5.0e-17	data/six_row_H.json
1.82169606617962481267e-20	21	21	21	1.82169606617962481267473895141908199886051667393512650001953e-20	60	OURS	5.0e-21	5.0e-21	data/results/m3_L171_a5_runB_output.txt
0.110553498702	12	12	0	0.11055349870219315089325817780263605527579784393311	50	OURS	5.0e-12	5.0e-12	data/T2g_kappa5_coefficients.json
0.125279486268	12	12	0	0.12527948626827226097368850332713918760418891906738	50	OURS	5.0e-12	5.0e-12	data/T2g_kappa5_coefficients.json
0.155215352263	12	12	0	0.15521535226326871326207879064895678311586380004883	50	OURS	5.0e-12	5.0e-12	data/T2g_kappa5_coefficients.json
18.4065081245	12	12	0	18.406508124539431893134894583903439494039109538267	50	OURS	5.0e-12	5.0e-12	data/T2h_certified_identity_gated.json
0.309486352994	12	12	0	0.30948635299417570571897022920314004765527498160525	50	OURS	5.0e-12	5.0e-12	data/T2g_kappa5_coefficients.json
0.500000000000	12	0	12	0.50000000000000000000000000000000000000000000387543	50	OURS	5.0e-12	5.0e-12	data/heat72_birth_locus.results.json
0.0807503944825	12	12	0	0.080750394482516807403982284085941500961780548095703	50	OURS	5.0e-12	5.0e-12	data/T2g_kappa5_coefficients.json
11.723753017863	14	0	14	11.723753017862903689415038584088693846051273926583	50	OURS	5.0e-14	5.0e-14	data/code/machine1_verify_da0a601_refline.py
11.871268384583	14	0	14	11.871268384582677637145601316931858550403040280795	50	OURS	5.0e-14	5.0e-14	data/code/machine1_verify_da0a601_refline.py
0.0073507376961616	14	14	0	0.0073507376961615879782070402738387217990728295689521	50	OURS	5.0e-14	5.0e-14	data/T2g_kappa5_coefficients.json
11.7726082826645	15	0	15	11.772608282664499120015155759102741014940700200202	50	OURS	5.0e-15	5.0e-15	data/code/machine1_verify_da0a601_refline.py
0.0188492488630701	15	15	0	0.018849248863070093562566142963987658731639385223389	50	OURS	5.0e-15	5.0e-15	data/T2g_kappa5_coefficients.json
11.72121119836262	16	0	16	11.721211198362615772161831676200842501159644245185	50	OURS	5.0e-16	5.0e-16	data/code/machine1_verify_da0a601_refline.py
11.74174199932051	16	12	16	11.741741999320506077395015004340247635604903612794	50	OURS	5.0e-16	5.0e-16	data/code/machine1_verify_da0a601_refline.py
11.94916458731336	16	12	16	11.949164587313356080367302870954058408133747045072	50	OURS	5.0e-16	5.0e-16	data/code/machine1_verify_da0a601_refline.py
12.11803995561295	16	12	16	12.118039955612947899352622055231949027990538573358	50	OURS	5.0e-16	5.0e-16	data/code/machine1_verify_da0a601_refline.py
12.44240174080085	16	12	16	12.442401740800849878445984564581301380155797097101	50	OURS	5.0e-16	5.0e-16	data/code/machine1_verify_da0a601_refline.py
0.9999999999999999	16	0	16	0.99999999999997484336150747005395595753764458285093	50	OURS	5.0e-16	5.0e-16	data/results/m3_L170_G00_and_a_output.txt
11.82424214138349	16	0	16	11.82424214138348878999201746907139828440909955115	49	OURS	5.0e-16	5.0e-16	data/code/machine1_verify_da0a601_refline.py
71732.908558610053	17	17	0	71732.90855861005319221508830177092217039044065668	49	OURS	5.0e-17	5.0e-17	data/T2g_kappa5_coefficients.json
1.0094925493768e-5	14	0	14	0.0000100949254937675637089112561732733154144012134	45	OURS	5.0e-14	5.0e-14	data/code/letter152_qdpt_result.json
0.010590147003461	14	0	14	0.0105901470034614744953784611248118098132961943	45	OURS	5.0e-14	5.0e-14	data/code/letter152_qdpt_result.json
0.0010998673455992	14	0	14	0.00109986734559925977031150618848112331422075037	45	OURS	5.0e-14	5.0e-14	data/code/letter152_qdpt_result.json
0.00029411444409895	14	0	14	0.000294114444098957327022956358640628420735379165	45	OURS	5.0e-14	5.0e-14	data/code/letter152_qdpt_result.json
0.030587176925874	14	0	14	0.0305871769258738986004169226393295525648795525	45	OURS	5.0e-14	5.0e-14	data/code/letter152_qdpt_result.json
0.78436351138598	14	0	14	0.784363511385979856168231738450366016298171685	45	OURS	5.0e-14	5.0e-14	data/code/letter152_qdpt_result.json
0.97295816423644	14	0	14	0.972958164236462647691531774483700577353697186	45	OURS	5.0e-14	5.0e-14	data/code/letter152_qdpt_result.json
1.7505517968508692786	20	20	0	1.7505517968508692786365188217416133445260186629854	50	OURS	5.0e-20	5.0e-20	data/T2g_kappa5_coefficients.json
7.6904142711104e-6	14	0	14	0.0000076904142711104015671988888418370688271810522	44	OURS	5.0e-14	5.0e-14	data/code/m3_L158_survivor_pilot_result.json
2.71980637665387914e-6	18	0	18	0.00000271980637665469687952347476840559453535225528	45	OURS	5.0e-18	5.0e-18	data/code/letter147_taylor_order_result.json
3.44976068694166566e-6	18	14	18	0.00000344976068694051299596508403810037892312763003	45	OURS	5.0e-18	5.0e-18	data/code/letter147_taylor_order_result.json
6.86629341766586322e-6	18	14	18	0.00000686629341766464676925679003856052546008088054	45	OURS	5.0e-18	5.0e-18	data/code/letter147_taylor_order_result.json
13.0081855833158908685749	24	0	24	13.008185583378664126352706788220723989156544309831	50	OURS	5.0e-24	5.0e-24	data/code/machine1_verify_da0a601_refline.py
13.9911193602609485816619	24	0	24	13.991119360298513269661926676641275486694845764421	50	OURS	5.0e-24	5.0e-24	data/code/machine1_verify_da0a601_refline.py
90.65050523909647486	19	0	19	90.6505052390964748599710366606600316370833437	45	OURS	5.0e-19	5.0e-19	data/code/m3_L158_survivor_pilot_result.json
0.000010134334676567167815	20	16	20	0.0000101343346765676147168016815168840357746653431	45	OURS	5.0e-20	5.0e-20	data/code/letter149_family_c_extra_legs_result.json
0.000011177202255385394323	20	16	20	0.0000111772022553855002583793475432024032098018443	45	OURS	5.0e-20	5.0e-20	data/code/m3_L156_cycle25_S2_result.json
0.000011314534929236676659	20	16	20	0.0000113145349292367804229429179280015380993010142	45	OURS	5.0e-20	5.0e-20	data/code/m3_L156_cycle25_S2_result.json
0.000012346081517015938623	20	16	20	0.0000123460815170160064500572404852479259827778696	45	OURS	5.0e-20	5.0e-20	data/code/m3_L156_cycle25_S2_result.json
0.000012476977651181365402	20	20	20	0.0000124769776511814315909855498817342143072379378	45	OURS	5.0e-20	5.0e-20	data/code/m3_L156_cycle25_S2_result.json
17.578382390253124392	20	0	20	17.5783823902531243915428657887296865240592988	45	OURS	5.0e-20	5.0e-20	data/code/letter147_taylor_order_result.json
0.000019657946257912506125	20	16	20	0.0000196579462579125167334596952527647947639794625	45	OURS	5.0e-20	5.0e-20	data/code/m3_L156_cycle25_S2_result.json
0.000020770755008537518771	20	16	20	0.0000207707550085374986454924527683697924268994854	45	OURS	5.0e-20	5.0e-20	data/code/m3_L156_cycle25_S2_result.json
0.000021108214722786380788	20	16	20	0.0000211082147227832554218195326686191369420512128	45	OURS	5.0e-20	5.0e-20	data/code/letter149_family_c_scored_m3.json
0.00023213986829865610891	20	0	20	0.000232139868298637963794455346325593467206795194	45	OURS	5.0e-20	5.0e-20	data/code/letter147_taylor_order_result.json
0.000023344176836311955517	20	16	20	0.0000233441768363132274114566640970037934116635397	45	OURS	5.0e-20	5.0e-20	data/code/letter149_family_c_scored_m3.json
27.717866853002600987	20	0	20	27.7178668530026009867628442615734565694205548	45	OURS	5.0e-20	5.0e-20	data/code/m3_L158_survivor_pilot_result.json
0.040522753650718419588	20	0	20	0.0405227536507176688448818478158793111325476945	45	OURS	5.0e-20	5.0e-20	data/code/letter147_taylor_order_result.json
4.0845380841648368441e-6	20	18	20	0.00000408453808416641308160449708910846882694238707	45	OURS	5.0e-20	5.0e-20	data/code/letter149_family_c_scored_m3.json
4.1380680737357467261e-6	20	16	20	0.00000413806807373736396129106388722018812480850431	45	OURS	5.0e-20	5.0e-20	data/code/letter149_family_c_extra_legs_result.json
4.1711800771130093222e-6	20	16	20	0.00000417118007711471600213197818562418021022299912	45	OURS	5.0e-20	5.0e-20	data/code/letter149_family_c_scored_m3.json
42.122896146531247353	20	0	20	42.1228961465312473534471245400200300891859172	45	OURS	5.0e-20	5.0e-20	data/code/m3_L158_survivor_pilot_result.json
4.2496273813877281464e-6	20	20	20	0.00000424962738138939758526229299952268889463060982	45	OURS	5.0e-20	5.0e-20	data/code/letter149_family_c_scored_m3.json
4.661887572369273826e-6	19	0	19	0.0000046618875723699635497965108537657560305316381	44	OURS	5.0e-19	5.0e-19	data/code/letter147_taylor_order_result.json
48.889491679419730955	20	0	20	48.8894916794197309549296287139956200497050111	45	OURS	5.0e-20	5.0e-20	data/code/m3_L158_survivor_pilot_result.json
0.005212125879045068011	19	0	19	0.0052121258790449441881518113600672246230928474	44	OURS	5.0e-19	5.0e-19	data/code/letter147_taylor_order_result.json
54.708284587388927724	20	0	20	54.7082845873889277242575280427935588083036412	45	OURS	5.0e-20	5.0e-20	data/code/m3_L158_survivor_pilot_result.json
66.096177288787890188	20	0	20	66.0961772887878901876769415748529608997276471	45	OURS	5.0e-20	5.0e-20	data/code/m3_L158_survivor_pilot_result.json
6.9732464917399494853e-6	20	14	20	0.00000697324649173873160238704692202073374970001173	45	OURS	5.0e-20	5.0e-20	data/code/letter147_taylor_order_result.json
6.9928795174013420198e-6	20	16	20	0.00000699287951740219229951514582980582239853475501	45	OURS	5.0e-20	5.0e-20	data/code/letter152_qdpt_result.json
8.2423848376008220167e-6	20	16	20	0.00000824238483760173481147989811112382514536079736	45	OURS	5.0e-20	5.0e-20	data/code/letter149_family_c_scored_m3.json
8.9953997171434881661e-6	20	16	20	0.00000899539971714261894416139162154784750309823313	45	OURS	5.0e-20	5.0e-20	data/code/letter149_family_c_extra_legs_result.json
71732.91590934775	16	16	0	71732.91590934774935380306650881119600911	40	OURS	5.0e-16	5.0e-16	data/T2h_certified_identity_gate.py
76.424765383979369271	20	0	20	76.424765383979369270504790809167491469303968	44	OURS	5.0e-20	5.0e-20	data/code/m3_L158_survivor_pilot_result.json
71732.901207872357	17	17	0	71732.90120787235703062711009473064833167	40	OURS	5.0e-17	5.0e-17	data/T2h_certified_identity_gate.py
7005.081715423783651475	22	22	0	7005.0817154237838622066192328929901123046875	44	OURS	5.0e-22	5.0e-22	data/T2g_kappa5_coefficients.json
45.6661120810410796237193	24	24	24	45.6661120810410796237192974574171609121662562	45	OURS	5.0e-24	5.0e-24	data/code/m3_L158_survivor_pilot_result.json
0.00001113546655651850113775279	25	16	25	0.0000111354665565193418810780889944333451881004937	45	OURS	5.0e-25	5.0e-25	data/code/m3_L156_cycle25_S2_result.json
0.00001176120692748531456730253	25	20	25	0.0000117612069274853103473723491560696458387772849	45	OURS	5.0e-25	5.0e-25	data/code/m3_L165_M8_result.json
0.00001916056298637075947523488	25	20	25	0.0000191605629863707636208915284570654875860231197	45	OURS	5.0e-25	5.0e-25	data/code/m3_L156_cycle25_S2_result.json
0.00001965139368560252733694165	25	16	25	0.0000196513936856025255337372751305992225333928553	45	OURS	5.0e-25	5.0e-25	data/code/m3_L156_cycle25_S2_result.json
0.00002000474686569862097496478	25	20	25	0.0000200047468656986077882400151162768222512796368	45	OURS	5.0e-25	5.0e-25	data/code/m3_L156_cycle25_S2_result.json
0.00002062641793975136104137331	25	20	25	0.0000206264179397513409953560292698027786257956008	45	OURS	5.0e-25	5.0e-25	data/code/m3_L156_cycle25_S2_result.json
0.256170097455405576118737157867	30	30	0	0.25617009745540557611873715786696814590941252986638	50	OURS	5.0e-30	5.0e-30	data/T2h_certified_identity_gated.json
35.26061987328243047394007	25	25	25	35.2606198732824304739400662223901181551091565	45	OURS	5.0e-25	5.0e-25	data/code/m3_L158_survivor_pilot_result.json
1.88167792886e-23	12	0	12	18.81677928862535992340864277124	31	OURS	5.0e-12	5.0e-12	machine1-L176-runner-erratum-v1-reversion-defect-v2-filed.md
23.016448609458621877921135	26	25	26	23.0164486094586218779211352932298622979969451	45	OURS	5.0e-26	5.0e-26	data/code/m3_L158_survivor_pilot_result.json
1000000004998.051	16	0	16	1000000004998.80756188178421332	30	OURS	5.0e-16	5.0e-16	data/neff_1e12_population.json
1000000005002.010	16	0	16	1000000005000.06731186832276971	30	OURS	5.0e-16	5.0e-16	data/neff_1e12_population.json
49.780192509392596	17	17	17	49.78019250939258038452661436484	31	OURS	5.0e-17	5.0e-17	machine1-L176-runner-erratum-v1-reversion-defect-v2-filed.md
1.17284672477e-10	12	0	12	1.172846724773643443900395e-10	25	OURS	5.0e-12	5.0e-12	data/heat78c_census_result.json
1.49770514478e-10	12	0	12	1.497705144781316555952511e-10	25	OURS	5.0e-12	5.0e-12	data/heat78c_census_result.json
0.000184057401869	12	0	12	0.0001840574018693339913547147	25	OURS	5.0e-12	5.0e-12	data/heat78c_census_result.json
2.63088195054	12	0	12	2.630881950542403601035171	25	OURS	5.0e-12	5.0e-12	data/heat78c_census_result.json
0.000357751504884	12	0	12	0.0003577515048842091223694707	25	OURS	5.0e-12	5.0e-12	data/heat78c_census_result.json
6.97848813668e-11	12	0	12	6.978488136681017448086459e-11	25	OURS	5.0e-12	5.0e-12	data/heat78c_census_result.json
0.000922668961096	12	0	12	0.0009226689610964728299064335	25	OURS	5.0e-12	5.0e-12	data/heat78c_census_result.json
8.114599735462e-6	13	0	13	0.000008114599735462008018039773	25	OURS	5.0e-13	5.0e-13	data/heat78c_census_result.json
1.2107295795588e-5	14	14	14	0.00001210729579558758020061145	25	OURS	5.0e-14	5.0e-14	data/heat78c_census_result.json
1.4377138564892e-5	14	14	14	0.00001437713856489166167695232	25	OURS	5.0e-14	5.0e-14	data/heat78c_census_result.json
1.4397210826966e-5	14	14	14	0.00001439721082696599521253364	25	OURS	5.0e-14	5.0e-14	data/heat78c_census_result.json
1.8018301158367e-5	14	14	14	0.00001801830115836709886663325	25	OURS	5.0e-14	5.0e-14	data/heat78c_census_result.json
2.1937050676173e-5	14	14	14	0.00002193705067617256230082608	25	OURS	5.0e-14	5.0e-14	data/heat78c_census_result.json
2.8927588092107e-5	14	0	14	0.00002892758809210686333767559	25	OURS	5.0e-14	5.0e-14	data/heat78c_census_result.json
4.6899998805286e-5	14	0	14	0.00004689999880528637744855382	25	OURS	5.0e-14	5.0e-14	data/heat78c_census_result.json
8.5081584629334e-6	14	14	14	0.000008508158462933445610080931	25	OURS	5.0e-14	5.0e-14	data/heat78c_census_result.json
9.8755448108413e-6	14	0	14	0.000009875544810841322682424377	25	OURS	5.0e-14	5.0e-14	data/heat78c_census_result.json
0.14142135623730950488	20	0	20	0.141421356237309504880168872421	30	OURS	5.0e-20	5.0e-20	data/code/machine1_heat72v_cycle19_crosscheck.out
0.5093769930086969722036136	25	0	25	0.50937699300869697220361357049523983	35	OURS	5.0e-25	5.0e-25	data/letter103_dpair_results.json
0.5187711462594309281627682	25	0	25	0.51877114625943092816276820377035889	35	OURS	5.0e-25	5.0e-25	letter104-astra-pa-analytic-law-verified-fresh-point-2026-09-04.md
0.5675497245010190350244251	25	20	25	0.56754972450101903502442507198927421	35	OURS	5.0e-25	5.0e-25	data/letter103_dpair_results.json
7.955817397136652e-6	16	14	16	0.000007955817397136651775776381	25	OURS	5.0e-16	5.0e-16	data/heat78c_census_result.json
6700.34193883	12	0	12	6700.3419388319087594	20	OURS	5.0e-12	5.0e-12	data/machine1_heat72w_kappa_a3.out
0.142857142857142857142857142857	30	0	30	0.142857142857142891395415685084185024	36	OURS	5.0e-30	5.0e-30	data/heat72_birth_locus.results.json
19.300211014512339692	20	0	20	19.300211014512339692085673	26	OURS	5.0e-20	5.0e-20	data/machine1_heat76b_c4_dps45.out
0.20542472469850912805	20	20	20	0.2054247246985091280544925	25	OURS	5.0e-20	5.0e-20	data/code/machine1_heat72v_cycle19_crosscheck.out
2.64552114397652	15	0	15	2.6455211439765270943	20	OURS	5.0e-15	5.0e-15	data/code/machine1_deriv_recheck.py
46.250871781073	14	0	14	46.25087178107259965	19	OURS	5.0e-14	5.0e-14	data/machine1_heat76_s3_scan.json
4.7342065079869002403e-6	20	14	20	0.000004734206507986900240276594	25	OURS	5.0e-20	5.0e-20	data/heat78c_census_result.json
7.3380367864528e-6	14	0	14	7.3380367864527836e-6	17	OURS	5.0e-14	5.0e-14	data/machine1_heat76b_c4_dps45.out
11.7007173164027646	18	18	18	11.700717316402764594	20	OURS	5.0e-18	5.0e-18	data/machine1_l171_c30_refit.out
11.7007173174123915	18	17	18	11.700717317412391509	20	OURS	5.0e-18	5.0e-18	data/machine1_l171_c30_refit.out
11.7007173702388507	18	0	18	11.700717370238850657	20	OURS	5.0e-18	5.0e-18	data/machine1_l171_c30_refit.out
11.7007189455230763	18	0	18	11.700718945523076341	20	OURS	5.0e-18	5.0e-18	data/machine1_l171_c30_refit.out
3.25301161631896	15	15	15	3.2530116163189624	17	OURS	5.0e-15	5.0e-15	data/machine1_cycle15_adjudication.out
37.6335585772507021	18	18	18	37.633558577250691558	20	OURS	5.0e-18	5.0e-18	data/machine1_heat72w_kappa_a3.out
0.4712881774264843022174305813	28	28	0	0.471288177426484302217430581305	30	OURS	5.0e-28	5.0e-28	data/code/machine1_heat72v_cycle19_crosscheck.out
0.0513621518162436	15	15	0	0.051362151816243616	17	OURS	5.0e-15	5.0e-15	data/machine1_l175_sign_d4_graded_check.out
11.7007173554079789751	21	0	21	11.70071735540891911163	22	OURS	5.0e-21	5.0e-21	data/code/machine1_l171_c31b_check.out
2.07070935162e-9	12	0	12	2.070709351620e-09	13	OURS	5.0e-12	5.0e-12	data/machine1_heat74_cycle24_verify.out
2.36579031007e-7	12	0	12	2.365790310072e-07	13	OURS	5.0e-12	5.0e-12	data/machine1_heat74_cycle24_verify.out
4.04489975524e-9	12	0	12	4.044899755240e-09	13	OURS	5.0e-12	5.0e-12	data/machine1_heat74_cycle24_verify.out
4.225507067360901e-6	16	0	16	4.2255070673609006e-6	17	OURS	5.0e-16	5.0e-16	data/machine1_heat77b_d4_e3_dps45.out
4.92658310813e-6	12	0	12	4.926583108130e-06	13	OURS	5.0e-12	5.0e-12	data/machine1_heat74_cycle24_verify.out
5.16724214176e-6	12	0	12	5.167242141760e-06	13	OURS	5.0e-12	5.0e-12	data/machine1_heat74_cycle24_verify.out
67.079810529494173714478828896522216770107145	44	0	44	67.0798105294941737144788288965222167701071449	45	OURS	5.0e-44	5.0e-44	data/code/m3_L158_survivor_pilot_result.json
8.48600027288e-11	12	0	12	8.486000272880e-11	13	OURS	5.0e-12	5.0e-12	data/machine1_heat74_cycle24_verify.out
1.000000000	10	10	10	100000000.0	10	EQUAL	5.0e-10	5.0e-10	data/a13_extension.json
1000000000.0	11	0	11	1000000000.0	11	EQUAL	5.0e-11	5.0e-11	data/neff_population.json
1.004419853e-6	10	10	10	1.004419853e-6	10	EQUAL	5.0e-10	5.0e-10	data/machine1_heat77b_d4_e3_dps45.out
0.101539674703	12	0	12	0.101539674703	12	EQUAL	5.0e-12	5.0e-12	data/machine1_heat81_c26_bandlaw_verify.out
0.10281752906098004698	20	20	0	0.10281752906098004698	20	EQUAL	5.0e-20	5.0e-20	machine1-l132-identity-gap-solved-kernel-form-plus-contraction-a3-spec.md
0.102851814149	12	0	12	0.102851814149	12	EQUAL	5.0e-12	5.0e-12	data/code/letter132_scalar_identity_check_v2_corrected.py
1.05047976563e-4	12	12	12	0.000105047976563	12	EQUAL	5.0e-12	5.0e-12	data/machine1_heat77b_d4_e3_dps45.out
1.06882601372e-6	12	12	12	1.06882601372e-6	12	EQUAL	5.0e-12	5.0e-12	data/machine1_heat75_cycle25_verify.out
109.0990733637230410199	22	22	0	109.0990733637230410199	22	EQUAL	5.0e-22	5.0e-22	data/heat57_xsite_law.py
0.11055349900	11	11	0	0.11055349900	11	EQUAL	5.0e-11	5.0e-11	letter3-astra-pa-to-beast-2026-09-03.md
1.14884261642	12	0	12	1.14884261642	12	EQUAL	5.0e-12	5.0e-12	data/machine1_heat81_c26_bandlaw_verify.out
0.01150194453931563567155676941668683643768	40	0	40	0.01150194453931563567155676941668683643768	40	EQUAL	5.0e-40	5.0e-40	data/code/machine1_l171_c31b_check.py
11.700566955	11	11	11	11.700566955	11	EQUAL	5.0e-11	5.0e-11	data/heat72x_birthlocus_republication.out
11.700678560	11	11	11	11.700678560	11	EQUAL	5.0e-11	5.0e-11	machine1-l163-birth-locus-grid-complete-outcome-b-n6-graduates.md
11.700717241223173461	20	0	20	11.700717241223173461	20	EQUAL	5.0e-20	5.0e-20	data/machine1_l171_c30_refit.out
11.700717318	11	11	11	11.700717318	11	EQUAL	5.0e-11	5.0e-11	machine1-l164-cycle28-verified-n6-withdrawn-specrot-registered.md
11.70071732	10	10	10	11.70071732	10	EQUAL	5.0e-10	5.0e-10	machine1-l164-cycle28-verified-n6-withdrawn-specrot-registered.md
11.7007176099	12	12	0	11.7007176099	12	EQUAL	5.0e-12	5.0e-12	data/heat84_c28_legB_verify.out
11.7007190323	12	12	12	11.7007190323	12	EQUAL	5.0e-12	5.0e-12	data/heat84_c28_legB_verify.out
11.7007200919	12	12	12	11.7007200919	12	EQUAL	5.0e-12	5.0e-12	data/heat84_c28_legB_verify.out
11.70072012721689	16	12	16	11.70072012721689	16	EQUAL	5.0e-16	5.0e-16	data/heat84_c28_legB_verify.out
11.7012292209069374831573	24	0	24	11.7012292209069374831573	24	EQUAL	5.0e-24	5.0e-24	data/code/machine1_l171_c31b_check.py
11.7012292379679054259573	24	0	24	11.7012292379679054259573	24	EQUAL	5.0e-24	5.0e-24	data/code/machine1_l171_c31b_check.out
11.7014339872456960672521	24	0	24	11.7014339872456960672521	24	EQUAL	5.0e-24	5.0e-24	data/code/machine1_l171_c31b_check.py
11.701433995226010888216	23	0	23	11.701433995226010888216	23	EQUAL	5.0e-23	5.0e-23	data/code/machine1_l171_c31b_check.out
11.7017411436083767352848	24	0	24	11.7017411436083767352848	24	EQUAL	5.0e-24	5.0e-24	data/code/machine1_l171_c31b_check.py
11.7017411469155159129492	24	0	24	11.7017411469155159129492	24	EQUAL	5.0e-24	5.0e-24	data/code/machine1_l171_c31b_check.out
11.7021506982224613571416	24	0	24	11.7021506982224613571416	24	EQUAL	5.0e-24	5.0e-24	data/code/machine1_l171_c31b_check.py
11.7021506994400400297881	24	0	24	11.7021506994400400297881	24	EQUAL	5.0e-24	5.0e-24	data/code/machine1_l171_c31b_check.out
11.7031746487015136776143	24	0	24	11.7031746487015136776143	24	EQUAL	5.0e-24	5.0e-24	data/code/machine1_l171_c31b_check.out
11.7062470491008034225262	24	0	24	11.7062470491008034225262	24	EQUAL	5.0e-24	5.0e-24	data/code/machine1_l171_c31b_check.out
11.7062470494235936728743	24	0	24	11.7062470494235936728743	24	EQUAL	5.0e-24	5.0e-24	data/code/machine1_l171_c31b_check.py
1.17150614272e-6	12	12	12	1.17150614272e-6	12	EQUAL	5.0e-12	5.0e-12	data/code/machine1_heat75_cycle25_verify.py
11.7212111931320369721618	24	0	24	11.7212111931320369721618	24	EQUAL	5.0e-24	5.0e-24	data/machine1_l171_c30_refit.out
11.721211198	11	0	11	11.721211198	11	EQUAL	5.0e-11	5.0e-11	data/code/machine1_verify_da0a601_falsifier.py
11.7237530133550189964998	24	0	24	11.7237530133550189964998	24	EQUAL	5.0e-24	5.0e-24	data/machine1_l171_c30_refit.out
11.7237530179	12	12	12	11.7237530179	12	EQUAL	5.0e-12	5.0e-12	machine1-l141-cycle21-adjudicated-band-kill-accepted-initiating-error-mine.md
11.723753018	11	0	11	11.723753018	11	EQUAL	5.0e-11	5.0e-11	data/code/machine1_verify_da0a601_falsifier.py
11.741741997077466677395	23	0	23	11.741741997077466677395	23	EQUAL	5.0e-23	5.0e-23	data/machine1_l171_c30_refit.out
11.741741999	11	0	11	11.741741999	11	EQUAL	5.0e-11	5.0e-11	data/code/machine1_verify_da0a601_falsifier.py
1.176119142e-5	10	10	10	1.176119142e-5	10	EQUAL	5.0e-10	5.0e-10	data/code/letter145_n2n5_witness_pairB.py
1.17612069275e-5	12	12	0	1.17612069275e-5	12	EQUAL	5.0e-12	5.0e-12	machine1-l143-pointer-error-owned-two-floor-bar-spectral-correction.md
11.7726082814739255853213	24	0	24	11.7726082814739255853213	24	EQUAL	5.0e-24	5.0e-24	data/machine1_l171_c30_refit.out
11.772608283	11	0	11	11.772608283	11	EQUAL	5.0e-11	5.0e-11	data/code/machine1_verify_da0a601_falsifier.py
1.18153194401e-17	12	12	12	1.18153194401e-17	12	EQUAL	5.0e-12	5.0e-12	data/code/machine1_l171_c31v_f_attack.out
11.8242421407185312122142	24	0	24	11.8242421407185312122142	24	EQUAL	5.0e-24	5.0e-24	data/machine1_l171_c30_refit.out
11.824242141	11	0	11	11.824242141	11	EQUAL	5.0e-11	5.0e-11	data/code/machine1_verify_da0a601_falsifier.py
1.1842563361	11	11	11	1.1842563361	11	EQUAL	5.0e-11	5.0e-11	LANE_REGISTRY.md
11.8712683841082840939226	24	0	24	11.8712683841082840939226	24	EQUAL	5.0e-24	5.0e-24	data/machine1_l171_c30_refit.out
11.8712683846	12	12	12	11.8712683846	12	EQUAL	5.0e-12	5.0e-12	machine1-l141-cycle21-adjudicated-band-kill-accepted-initiating-error-mine.md
11.871268385	11	0	11	11.871268385	11	EQUAL	5.0e-11	5.0e-11	data/code/machine1_verify_da0a601_falsifier.py
11.9491645869912175692562	24	0	24	11.9491645869912175692562	24	EQUAL	5.0e-24	5.0e-24	data/machine1_l171_c30_refit.out
11.949164587	11	0	11	11.949164587	11	EQUAL	5.0e-11	5.0e-11	data/code/machine1_verify_da0a601_falsifier.py
12.1180399554221464593526	24	0	24	12.1180399554221464593526	24	EQUAL	5.0e-24	5.0e-24	data/machine1_l171_c30_refit.out
12.118039956	11	0	11	12.118039956	11	EQUAL	5.0e-11	5.0e-11	data/code/machine1_verify_da0a601_falsifier.py
12.4424017406927321168133	24	0	24	12.4424017406927321168133	24	EQUAL	5.0e-24	5.0e-24	data/machine1_l171_c30_refit.out
12.442401741	11	0	11	12.442401741	11	EQUAL	5.0e-11	5.0e-11	data/code/machine1_verify_da0a601_falsifier.py
0.12527948650	11	11	0	0.12527948650	11	EQUAL	5.0e-11	5.0e-11	letter3-astra-pa-to-beast-2026-09-03.md
0.12706034318675893153656817913317280690430806327895	50	25	50	0.12706034318675893153656817913317280690430806327895	50	EQUAL	5.0e-50	5.0e-50	data/code/machine1_heat86_a_dispute_ladder.py
0.00128260191469	12	0	12	0.00128260191469	12	EQUAL	5.0e-12	5.0e-12	data/machine1_heat81_c26_bandlaw_verify.out
1.2840790438404124	17	17	17	1.2840790438404124	17	EQUAL	5.0e-17	5.0e-17	LANE_REGISTRY.md
13.008185583	11	0	11	13.008185583	11	EQUAL	5.0e-11	5.0e-11	data/code/machine1_verify_da0a601_falsifier.py
1.324267209e-7	10	10	10	1.324267209e-7	10	EQUAL	5.0e-10	5.0e-10	data/code/machine1_heat75_cycle25_verify.py
0.01360966821269902887760245528186822810223	40	0	40	0.01360966821269902887760245528186822810223	40	EQUAL	5.0e-40	5.0e-40	data/code/machine1_l171_c31b_check.py
13.991119360	11	0	11	13.991119360	11	EQUAL	5.0e-11	5.0e-11	data/code/machine1_verify_da0a601_falsifier.py
1.401751856	10	10	0	1.401751856	10	EQUAL	5.0e-10	5.0e-10	data/heat51f_partB_gate.out
1.4020236312	11	11	0	1.4020236312	11	EQUAL	5.0e-11	5.0e-11	data/heat51f_partB_gate.out
14.13472514	10	10	0	14.13472514	10	EQUAL	5.0e-10	5.0e-10	letter145-astra-pa-independent-third-instrument-confirms-witness-fires-2026-09-04.md
14.1347251417346937904572519835624702707842571	45	22	45	14.1347251417346937904572519835624702707842571	45	EQUAL	5.0e-45	5.0e-45	data/code/m3_L158_survivor_pilot_result.json
14.1680846707549756060541922841938722830356259066258330773017	60	30	60	14.1680846707549756060541923597517360089499868618213511031917	60	EQUAL	5.0e-60	5.0e-60	data/results/m3_L170_G00_and_a_output.txt
0.1417332397	10	10	0	0.1417332397	10	EQUAL	5.0e-10	5.0e-10	LANE_REGISTRY.md
1.41852517093e-45	12	0	12	1.41852517093e-45	12	EQUAL	5.0e-12	5.0e-12	data/code/machine1_L176_selfcentring.py
0.1430774046	10	10	0	0.1430774046	10	EQUAL	5.0e-10	5.0e-10	data/heat51f_partB_gate.out
0.14307740461	11	11	0	0.14307740461	11	EQUAL	5.0e-11	5.0e-11	data/heat51f_partB_gate.out
0.014556733576997	14	0	14	0.014556733576997	14	EQUAL	5.0e-14	5.0e-14	machine1-erratum-heat64-and-zoo-rescope.md
0.014565804110886954	17	17	17	0.014565804110886954	17	EQUAL	5.0e-17	5.0e-17	data/letter100_equivalence_result.json
0.146986590263	12	0	12	0.146986590263	12	EQUAL	5.0e-12	5.0e-12	machine1-l167-cycle29B-adjudicated-verified-122-123-registered.md
0.14962144595780802891341103521644637411107076093496	50	24	50	0.14962144595780802891341103521644637411107076093496	50	EQUAL	5.0e-50	5.0e-50	data/code/machine1_heat86_a_dispute_ladder.py
0.151201139415	12	0	12	0.151201139415	12	EQUAL	5.0e-12	5.0e-12	data/machine1_heat81_c26_bandlaw_verify.out
0.1533875676	10	10	0	0.1533875676	10	EQUAL	5.0e-10	5.0e-10	data/heat51f_partB_gate.out
0.15521535250	11	11	0	0.15521535250	11	EQUAL	5.0e-11	5.0e-11	letter3-astra-pa-to-beast-2026-09-03.md
1.62157937856e-15	12	0	12	1.62157937856e-15	12	EQUAL	5.0e-12	5.0e-12	data/code/machine1_l171_c31b_check.out
1.62341182589e-15	12	0	12	1.62341182589e-15	12	EQUAL	5.0e-12	5.0e-12	data/machine1_heat86b_results.json
1.623411826e-15	10	10	10	1.623411826e-15	10	EQUAL	5.0e-10	5.0e-10	data/machine1_heat86b_scored.out
0.016267353116370815436521662356481985337487201480639	50	26	50	0.016267353116370815436521662356481985337487201480639	50	EQUAL	5.0e-50	5.0e-50	data/machine1_heat86b_results.json
1.63339469782662e-15	15	0	15	1.63339469782662e-15	15	EQUAL	5.0e-15	5.0e-15	data/machine1_c32_units_check.out
1.63339469783e-15	12	12	12	1.63339469783e-15	12	EQUAL	5.0e-12	5.0e-12	data/code/machine1_c32_units_check.py
1.633394698e-15	10	10	10	1.633394698e-15	10	EQUAL	5.0e-10	5.0e-10	data/code/machine1_heat86b_a_dispute_ladder.py
1.64521001744e-15	12	12	12	1.64521001744e-15	12	EQUAL	5.0e-12	5.0e-12	data/code/machine1_l171_c31v_f_attack.out
0.164990457617287927457442	24	24	24	0.164990457617287927457442	24	EQUAL	5.0e-24	5.0e-24	data/code/m1_heat81b_c26_surrogate_verify.py
1.693751323e-15	10	0	10	1.693751323e-15	10	EQUAL	5.0e-10	5.0e-10	data/machine1_l171_c30_refit.out
0.1702170025	10	0	10	0.1702170025	10	EQUAL	5.0e-10	5.0e-10	machine1-l167-cycle29B-adjudicated-verified-122-123-registered.md
0.172314512978	12	0	12	0.172314512978	12	EQUAL	5.0e-12	5.0e-12	machine1-l167-cycle29B-adjudicated-verified-122-123-registered.md
1.750466395	10	10	0	1.750466395	10	EQUAL	5.0e-10	5.0e-10	data/heat51f_partB_gate.out
1.7505517969	11	11	0	1.7505517969	11	EQUAL	5.0e-11	5.0e-11	data/heat51f_partB_gate.out
0.01782049519407109981636298012442234783656	40	0	40	0.01782049519407109981636298012442234783656	40	EQUAL	5.0e-40	5.0e-40	data/code/machine1_l171_c31b_check.py
0.18122223459720552038513232631511513662541625076064	50	25	50	0.18122223459720552038513232631511513662541625076064	50	EQUAL	5.0e-50	5.0e-50	data/code/machine1_heat86_a_dispute_ladder.py
18.43929670238273204181427	25	25	25	18.43929670238273204181427	25	EQUAL	5.0e-25	5.0e-25	data/code/letter149_family_c_extra_legs.py
0.0187562108974	12	0	12	0.0187562108974	12	EQUAL	5.0e-12	5.0e-12	data/machine1_heat81_c26_bandlaw_verify.out
0.0188492488631	12	12	0	0.0188492488631	12	EQUAL	5.0e-12	5.0e-12	data/heat51c_input_chaos_ladder.out
0.01884924950	10	10	0	0.01884924950	10	EQUAL	5.0e-10	5.0e-10	letter3-astra-pa-to-beast-2026-09-03.md
1.930462179446634	16	16	0	1.930462179446634	16	EQUAL	5.0e-16	5.0e-16	data/heat57_xsite_law.py
0.019924762394110635273342326173461402826314494537478	50	26	50	0.019924762394110635273342326173461402826314494537478	50	EQUAL	5.0e-50	5.0e-50	data/machine1_heat86b_results.json
2.0432452753e-6	11	11	0	2.0432452753e-6	11	EQUAL	5.0e-11	5.0e-11	machine1-l155-cycle25-verified-two-instrument-graduated-s3-site-offered.md
20.4755376957	12	0	12	20.4755376957	12	EQUAL	5.0e-12	5.0e-12	data/heat84_c28_legB_verify.out
20.4755387554	12	12	0	20.4755387554	12	EQUAL	5.0e-12	5.0e-12	letter171-astra-pa-a4-a5-confirmed-plus-implied-Dstar-to-6e-81-and-own-symbolic-rederivation.md
0.2074130287	10	10	10	0.2074130287	10	EQUAL	5.0e-10	5.0e-10	machine1-l167-cycle29B-adjudicated-verified-122-123-registered.md
21.0220396387715549926284795938969027773343405	45	22	45	21.0220396387715549926284795938969027773343405	45	EQUAL	5.0e-45	5.0e-45	data/code/m3_L158_survivor_pilot_result.json
21.02203964	10	10	10	21.02203964	10	EQUAL	5.0e-10	5.0e-10	letter145-astra-pa-independent-third-instrument-confirms-witness-fires-2026-09-04.md
0.215283009031	12	0	12	0.215283009031	12	EQUAL	5.0e-12	5.0e-12	data/machine1_heat81_c26_bandlaw_verify.out
0.0216846225892	12	0	12	0.0216846225892	12	EQUAL	5.0e-12	5.0e-12	data/machine1_heat81_c26_bandlaw_verify.out
2.2344475817e-7	11	0	11	2.2344475817e-7	11	EQUAL	5.0e-11	5.0e-11	data/machine1_heat75_cycle25_verify.out
2.302585092994046	16	0	16	2.302585092994046	16	EQUAL	5.0e-16	5.0e-16	data/code/machine1_l171_c30_refit.py
0.23662703502895471893639804350283991882970959834519	50	24	50	0.23662703502895471893639804350283991882970959834519	50	EQUAL	5.0e-50	5.0e-50	data/code/machine1_heat86_a_dispute_ladder.py
2.3892388783e-7	11	0	11	2.3892388783e-7	11	EQUAL	5.0e-11	5.0e-11	data/code/machine1_heat72q_cycle23_grade.py
0.02413246812812595998486983709533875808144894305693	49	26	49	0.02413246812812595998486983709533875808144894305693	49	EQUAL	5.0e-49	5.0e-49	data/machine1_heat86b_results.json
2.437777929	10	10	0	2.437777929	10	EQUAL	5.0e-10	5.0e-10	data/heat51f_partB_gate.out
2.4381044413	11	11	0	2.4381044413	11	EQUAL	5.0e-11	5.0e-11	data/heat51f_partB_gate.out
0.002488754876	10	10	0	0.002488754876	10	EQUAL	5.0e-10	5.0e-10	data/heat51f_partB_gate.out
25.0108575801456887632137909925628218186595497	45	22	45	25.0108575801456887632137909925628218186595497	45	EQUAL	5.0e-45	5.0e-45	data/code/m3_L158_survivor_pilot_result.json
0.25617009746	11	11	0	0.25617009746	11	EQUAL	5.0e-11	5.0e-11	data/heat51f_partB_gate.out
25.68760989835991681910105	25	25	25	25.68760989835991681910105	25	EQUAL	5.0e-25	5.0e-25	data/code/letter149_family_c_extra_legs.py
26.36436221657414487498832	25	25	25	26.36436221657414487498832	25	EQUAL	5.0e-25	5.0e-25	data/code/letter149_family_c_extra_legs.py
0.02673639886779683540681680986901007426482	40	0	40	0.02673639886779683540681680986901007426482	40	EQUAL	5.0e-40	5.0e-40	data/code/machine1_l171_c31b_check.py
0.2701490904	10	10	0	0.2701490904	10	EQUAL	5.0e-10	5.0e-10	machine1-partB-gate-and-dlaw.md
0.2737108259	10	0	10	0.2737108259	10	EQUAL	5.0e-10	5.0e-10	machine1-l167-cycle29B-adjudicated-verified-122-123-registered.md
0.0280761875834	12	0	12	0.0280761875834	12	EQUAL	5.0e-12	5.0e-12	data/machine1_heat81_c26_bandlaw_verify.out
0.291007380395	12	0	12	0.291007380395	12	EQUAL	5.0e-12	5.0e-12	data/machine1_heat81_c26_bandlaw_verify.out
0.029560702761397693562532171129200615891469008031872	50	26	50	0.029560702761397693562532171129200615891469008031872	50	EQUAL	5.0e-50	5.0e-50	data/machine1_heat86b_results.json
2.9601861097249e-19	14	0	14	2.9601861097249e-19	14	EQUAL	5.0e-14	5.0e-14	data/code/machine1_cycle15_adjudication.py
29.74812380764528515442463	25	25	25	29.74812380764528515442463	25	EQUAL	5.0e-25	5.0e-25	data/code/m3_L156_cycle25_S2_verify.py
0.29985287050	11	11	0	0.29985287050	11	EQUAL	5.0e-11	5.0e-11	letter3-astra-pa-to-beast-2026-09-03.md
30.42487612585951321031189753058409132018156	43	22	43	30.42487612585951321031189753058409132018156	43	EQUAL	5.0e-43	5.0e-43	data/code/m3_L158_survivor_pilot_result.json
0.0304631446762	12	0	12	0.0304631446762	12	EQUAL	5.0e-12	5.0e-12	data/machine1_heat81_c26_bandlaw_verify.out
3.053937139e-7	10	10	10	3.053937139e-7	10	EQUAL	5.0e-10	5.0e-10	data/machine1_heat75_cycle25_verify.out
0.31979403084190422618229559433082050463362878645843	50	25	50	0.31979403084190422618229559433082050463362878645843	50	EQUAL	5.0e-50	5.0e-50	data/code/machine1_heat86_a_dispute_ladder.py
3.2530116163	11	11	0	3.2530116163	11	EQUAL	5.0e-11	5.0e-11	LANE_REGISTRY.md
32.9350615876781787143	21	21	21	32.9350615876781787143	21	EQUAL	5.0e-21	5.0e-21	data/code/m3_L156_cycle25_S2_verify.py
32.9350615877391896906623689640749034888127156	45	12	45	32.9350615877391896906623689640749034888127156	45	EQUAL	5.0e-45	5.0e-45	data/code/m3_L158_survivor_pilot_result.json
3.375750739e-7	10	10	0	3.375750739e-7	10	EQUAL	5.0e-10	5.0e-10	data/code/machine1_heat72n_sweep_reconstruction.py
0.000343884350896	12	0	12	0.000343884350896	12	EQUAL	5.0e-12	5.0e-12	data/machine1_heat81_c26_bandlaw_verify.out
34.67923030189662027812064	25	25	25	34.67923030189662027812064	25	EQUAL	5.0e-25	5.0e-25	data/code/m3_L156_cycle25_S2_verify.py
0.036395436293510592613058142574334602175332274922237	50	26	50	0.036395436293510592613058142574334602175332274922237	50	EQUAL	5.0e-50	5.0e-50	data/machine1_heat86b_results.json
37.5861781587510215000	21	21	21	37.5861781587510215000	21	EQUAL	5.0e-21	5.0e-21	data/code/m3_L156_cycle25_S2_verify.py
37.5861781588256712572177634807053328214055974	45	12	45	37.5861781588256712572177634807053328214055973	45	EQUAL	5.0e-45	5.0e-45	data/code/m3_L158_survivor_pilot_result.json
3.823088586e-8	10	10	10	3.823088586e-8	10	EQUAL	5.0e-10	5.0e-10	machine1-l171-c30-adjudicated-vote-closed-a-dispute-measured-on-my-lineage.md
4.035251546e-15	10	0	10	4.035251546e-15	10	EQUAL	5.0e-10	5.0e-10	data/machine1_l171_c30_refit.out
0.40387608946	11	0	11	0.40387608946	11	EQUAL	5.0e-11	5.0e-11	data/machine1_heat81_c26_bandlaw_verify.out
40.918719012147495187398126914633254395726166	44	0	44	40.918719012147495187398126914633254395726166	44	EQUAL	5.0e-44	5.0e-44	data/code/m3_L158_survivor_pilot_result.json
43.3270732809149995194961221654068057826456684	45	0	45	43.3270732809149995194961221654068057826456684	45	EQUAL	5.0e-45	5.0e-45	data/code/m3_L158_survivor_pilot_result.json
0.43405746526370626569197604987746105430711695666647	50	24	50	0.43405746526370626569197604987746105430711695666647	50	EQUAL	5.0e-50	5.0e-50	data/code/machine1_heat86_a_dispute_ladder.py
44.4110037979	12	12	12	44.4110037979	12	EQUAL	5.0e-12	5.0e-12	machine1-ack-cycle17-census-trap95-fresh-receipt.md
0.044590846945589617275344158652007762656432566989551	50	26	50	0.044590846945589617275344158652007762656432566989551	50	EQUAL	5.0e-50	5.0e-50	data/machine1_heat86b_results.json
0.00449407173194	12	0	12	0.00449407173194	12	EQUAL	5.0e-12	5.0e-12	data/machine1_heat81_c26_bandlaw_verify.out
45.081352381009559597663504	26	24	26	45.081352381009559597663504	26	EQUAL	5.0e-26	5.0e-26	data/machine1_heat77b_d4_e3_dps45.out
0.454194500664	12	12	0	0.454194500664	12	EQUAL	5.0e-12	5.0e-12	machine1-l132-identity-gap-solved-kernel-form-plus-contraction-a3-spec.md
0.4606781977	10	10	0	0.4606781977	10	EQUAL	5.0e-10	5.0e-10	data/heat51h_gate_audit.out
0.4606781979	10	10	0	0.4606781979	10	EQUAL	5.0e-10	5.0e-10	data/heat51f_partB_gate.out
4.6485675617	11	11	0	4.6485675617	11	EQUAL	5.0e-11	5.0e-11	data/heat51f_partB_gate.out
4.648946718	10	10	0	4.648946718	10	EQUAL	5.0e-10	5.0e-10	data/heat51f_partB_gate.out
48.005150881167159727942472749427516041686844	44	0	44	48.005150881167159727942472749427516041686844	44	EQUAL	5.0e-44	5.0e-44	data/code/m3_L158_survivor_pilot_result.json
49.7738324776723021819167846785637240577231783	45	0	45	49.7738324776723021819167846785637240577231783	45	EQUAL	5.0e-45	5.0e-45	data/code/m3_L158_survivor_pilot_result.json
49.7801925094	12	0	12	49.7801925094	12	EQUAL	5.0e-12	5.0e-12	LANE_REGISTRY.md
4.98574951338	12	0	12	4.98574951338	12	EQUAL	5.0e-12	5.0e-12	data/machine1_heat81_c26_bandlaw_verify.out
0.0500158309334201322927895535832	30	30	30	0.0500158309334201322927895535832	30	EQUAL	5.0e-30	5.0e-30	data/code/machine1_l175_sign_d4_graded_check.py
0.500172001324	12	0	12	0.500172001324	12	EQUAL	5.0e-12	5.0e-12	data/machine1_heat81_c26_bandlaw_verify.out
0.500276902759	12	0	12	0.500276902759	12	EQUAL	5.0e-12	5.0e-12	data/machine1_heat81_c26_bandlaw_verify.out
0.500642124548	12	0	12	0.500642124548	12	EQUAL	5.0e-12	5.0e-12	data/machine1_heat81_c26_bandlaw_verify.out
0.502257179794	12	12	12	0.502257179794	12	EQUAL	5.0e-12	5.0e-12	data/machine1_heat81_c26_bandlaw_verify.out
0.50955736541	11	0	11	0.50955736541	11	EQUAL	5.0e-11	5.0e-11	data/machine1_heat81_c26_bandlaw_verify.out
0.511082634031	12	0	12	0.511082634031	12	EQUAL	5.0e-12	5.0e-12	data/machine1_heat81_c26_bandlaw_verify.out
0.514443615448	12	0	12	0.514443615448	12	EQUAL	5.0e-12	5.0e-12	data/machine1_heat81_c26_bandlaw_verify.out
0.05150723818940063653522997138655916611777128352831	49	25	49	0.05150723818940063653522997138655916611777128352831	49	EQUAL	5.0e-49	5.0e-49	data/code/machine1_heat86_a_dispute_ladder.py
0.515710153002	12	0	12	0.515710153002	12	EQUAL	5.0e-12	5.0e-12	data/machine1_heat81_c26_bandlaw_verify.out
0.5246770865	10	10	10	0.5246770865	10	EQUAL	5.0e-10	5.0e-10	machine1-ack-cycle17-census-trap95-fresh-receipt.md
0.5287118225735156977825694186946	31	31	25	0.5287118225735156977825694186946	31	EQUAL	5.0e-31	5.0e-31	data/code/machine1_heat72v_cycle19_crosscheck.py
52.9703214777144606441472966088809900638250179	45	0	45	52.9703214777144606441472966088809900638250179	45	EQUAL	5.0e-45	5.0e-45	data/code/m3_L158_survivor_pilot_result.json
0.5331249948	10	10	10	0.5331249948	10	EQUAL	5.0e-10	5.0e-10	LANE_REGISTRY.md
0.541042357093	12	0	12	0.541042357093	12	EQUAL	5.0e-12	5.0e-12	data/machine1_heat81_c26_bandlaw_verify.out
0.542704819511	12	0	12	0.542704819511	12	EQUAL	5.0e-12	5.0e-12	data/machine1_heat81_c26_bandlaw_verify.out
0.054614584740162860829271236079197856379810987308508	50	25	50	0.054614584740162860829271236079197856379810987308508	50	EQUAL	5.0e-50	5.0e-50	data/code/machine1_heat86_a_dispute_ladder.py
54.9050868889	12	0	12	54.9050868889	12	EQUAL	5.0e-12	5.0e-12	data/machine1_heat81_c26_bandlaw_verify.out
0.000553498987917	12	0	12	0.000553498987917	12	EQUAL	5.0e-12	5.0e-12	data/machine1_heat81_c26_bandlaw_verify.out
0.55650760075	11	0	11	0.55650760075	11	EQUAL	5.0e-11	5.0e-11	data/machine1_heat81_c26_bandlaw_verify.out
56.4462476970633948043677594767061275527822645	45	0	45	56.4462476970633948043677594767061275527822645	45	EQUAL	5.0e-45	5.0e-45	data/code/m3_L158_survivor_pilot_result.json
0.564779376346	12	0	12	0.564779376346	12	EQUAL	5.0e-12	5.0e-12	data/machine1_heat81_c26_bandlaw_verify.out
5.74449787764e-9	12	12	12	5.74449787764e-9	12	EQUAL	5.0e-12	5.0e-12	data/machine1_heat75_cycle25_verify.out
0.58139179348946	14	12	14	0.58139179348946	14	EQUAL	5.0e-14	5.0e-14	data/code/m1_heat81_c26_bandlaw_verify.py
5.88105697061e-5	12	12	12	5.88105697061e-5	12	EQUAL	5.0e-12	5.0e-12	data/code/machine1_heat75_cycle25_verify.py
0.589067708757	12	0	12	0.589067708757	12	EQUAL	5.0e-12	5.0e-12	data/machine1_heat81_c26_bandlaw_verify.out
5.9346306721e-5	11	11	11	5.9346306721e-5	11	EQUAL	5.0e-11	5.0e-11	data/code/machine1_heat75_cycle25_verify.py
59.3470440026023530796536486749922190310987728	45	0	45	59.3470440026023530796536486749922190310987728	45	EQUAL	5.0e-45	5.0e-45	data/code/m3_L158_survivor_pilot_result.json
0.59427921830513711248148784269207030531776649353816	50	25	50	0.59427921830513711248148784269207030531776649353816	50	EQUAL	5.0e-50	5.0e-50	data/code/machine1_heat86_a_dispute_ladder.py
60.8317785246098098442599018245240038029100905	45	0	45	60.8317785246098098442599018245240038029100905	45	EQUAL	5.0e-45	5.0e-45	data/code/m3_L158_survivor_pilot_result.json
6.1128597945e-8	11	11	11	6.1128597945e-8	11	EQUAL	5.0e-11	5.0e-11	data/code/machine1_heat75_cycle25_verify.py
0.637172389224	12	0	12	0.637172389224	12	EQUAL	5.0e-12	5.0e-12	data/machine1_heat81_c26_bandlaw_verify.out
64.5504639041088266572855354966	30	30	30	64.5504639041088266572855354966	30	EQUAL	5.0e-30	5.0e-30	data/code/machine1_l175_sign_d4_graded_check.py
65.1125440480816066608750542531837050293481493	45	0	45	65.1125440480816066608750542531837050293481493	45	EQUAL	5.0e-45	5.0e-45	data/code/m3_L158_survivor_pilot_result.json
6.539269783062942e-8	16	16	16	6.539269783062942e-8	16	EQUAL	5.0e-16	5.0e-16	data/code/machine1_heat72q_cycle23_grade.py
69.5464017111739792529268575265547384430124742	45	0	45	69.5464017111739792529268575265547384430124742	45	EQUAL	5.0e-45	5.0e-45	data/code/m3_L158_survivor_pilot_result.json
0.70522595888	11	0	11	0.70522595888	11	EQUAL	5.0e-11	5.0e-11	data/machine1_heat81_c26_bandlaw_verify.out
0.7206672947	10	10	0	0.7206672947	10	EQUAL	5.0e-10	5.0e-10	data/heat51h_gate_audit.out
72.0671576744819075825221079698261683904809066	45	0	45	72.0671576744819075825221079698261683904809066	45	EQUAL	5.0e-45	5.0e-45	data/code/m3_L158_survivor_pilot_result.json
0.07208635197257083638787626	25	25	25	0.07208635197257083638787626	25	EQUAL	5.0e-25	5.0e-25	data/code/letter149_family_c_scorer.py
0.072945092837465636911527414020464645263120485246671	50	25	50	0.072945092837465636911527414020464645263120485246671	50	EQUAL	5.0e-50	5.0e-50	data/code/machine1_heat86_a_dispute_ladder.py
7.41840343632	12	12	12	7.41840343632	12	EQUAL	5.0e-12	5.0e-12	machine1-l103-receipt-kappa-analytic-completion.md
75.7046906990839331683269167620303459228119035	45	0	45	75.7046906990839331683269167620303459228119035	45	EQUAL	5.0e-45	5.0e-45	data/code/m3_L158_survivor_pilot_result.json
0.075857937101	11	0	11	0.075857937101	11	EQUAL	5.0e-11	5.0e-11	data/machine1_heat81_c26_bandlaw_verify.out
77.1448400688748053726826648563046370157960324	45	0	45	77.1448400688748053726826648563046370157960325	45	EQUAL	5.0e-45	5.0e-45	data/code/m3_L158_survivor_pilot_result.json
7.77892637869409366e-7	18	18	18	7.77892637869409366e-7	18	EQUAL	5.0e-18	5.0e-18	data/code/machine1_heat75_cycle25_verify.py
0.0786888525323	12	12	12	0.0786888525323	12	EQUAL	5.0e-12	5.0e-12	data/machine1_heat81_c26_bandlaw_verify.out
79.3373750202493679227635928771162281906132467	45	0	45	79.3373750202493679227635928771162281906132467	45	EQUAL	5.0e-45	5.0e-45	data/code/m3_L158_survivor_pilot_result.json
7.936482168e-14	10	0	10	7.936482168e-14	10	EQUAL	5.0e-10	5.0e-10	data/machine1_l171_c30_refit.out
0.08075039400	10	10	0	0.08075039400	10	EQUAL	5.0e-10	5.0e-10	letter3-astra-pa-to-beast-2026-09-03.md
0.008132816210340134959336068070940762320306	40	0	40	0.008132816210340134959336068070940762320306	40	EQUAL	5.0e-40	5.0e-40	data/code/machine1_l171_c31b_check.py
8.220575592e-8	10	10	10	8.220575592e-8	10	EQUAL	5.0e-10	5.0e-10	data/machine1_heat75_cycle25_verify.out
0.0082667603361	11	11	11	0.0082667603361	11	EQUAL	5.0e-11	5.0e-11	data/code/machine1_heat86_a_dispute_ladder.py
82.9103808540860301831648374947706094975088806	45	0	45	82.9103808540860301831648374947706094975088806	45	EQUAL	5.0e-45	5.0e-45	data/code/m3_L158_survivor_pilot_result.json
0.838751794987	12	0	12	0.838751794987	12	EQUAL	5.0e-12	5.0e-12	data/machine1_heat81_c26_bandlaw_verify.out
84.7354929805170501057353112068277414171066279	45	0	45	84.7354929805170501057353112068277414171066279	45	EQUAL	5.0e-45	5.0e-45	data/code/m3_L158_survivor_pilot_result.json
87.4252746131252294065316678509192132521718864	45	0	45	87.4252746131252294065316678509192132521718864	45	EQUAL	5.0e-45	5.0e-45	data/code/m3_L158_survivor_pilot_result.json
88.8091112076344654236823480795093783954448934	45	0	45	88.8091112076344654236823480795093783954448934	45	EQUAL	5.0e-45	5.0e-45	data/code/m3_L158_survivor_pilot_result.json
0.89971417564	11	0	11	0.89971417564	11	EQUAL	5.0e-11	5.0e-11	data/machine1_heat81_c26_bandlaw_verify.out
9.17757601056e-8	12	12	12	9.17757601056e-8	12	EQUAL	5.0e-12	5.0e-12	data/machine1_heat75_cycle25_verify.out
92.491899270558484296259725241810684878721794	44	0	44	92.491899270558484296259725241810684878721794	44	EQUAL	5.0e-44	5.0e-44	data/code/m3_L158_survivor_pilot_result.json
94.4010332681698208452798269282	30	30	30	94.4010332681698208452798269282	30	EQUAL	5.0e-30	5.0e-30	data/code/machine1_l175_sign_d4_graded_check.py
0.9534557439	10	10	0	0.9534557439	10	EQUAL	5.0e-10	5.0e-10	data/heat51f_partB_gate.out
0.9535949944	10	10	0	0.9535949944	10	EQUAL	5.0e-10	5.0e-10	data/heat51f_partB_gate.out
0.009623013635025217754974852059278739816048	40	0	40	0.009623013635025217754974852059278739816048	40	EQUAL	5.0e-40	5.0e-40	data/code/machine1_l171_c31b_check.py
0.09670183421043065840984313002276196906002275045949	49	25	49	0.09670183421043065840984313002276196906002275045949	49	EQUAL	5.0e-49	5.0e-49	data/code/machine1_heat86_a_dispute_ladder.py
0.9864700425	10	10	10	0.9864700425	10	EQUAL	5.0e-10	5.0e-10	machine1-l167-cycle29B-adjudicated-verified-122-123-registered.md
0.990893375672	12	0	12	0.990893375672	12	EQUAL	5.0e-12	5.0e-12	data/machine1_heat81_c26_bandlaw_verify.out
9.92877379156e-11	12	0	12	9.92877379156e-11	12	EQUAL	5.0e-12	5.0e-12	letter163-astra-pa-six-census-spot-checks-all-match-third-instrument.md
999999994998.051	15	0	15	999999994998.051	15	EQUAL	5.0e-15	5.0e-15	data/turing_certify_1e12_windows.json
999999995002.010	15	0	15	999999995002.010	15	EQUAL	5.0e-15	5.0e-15	letter48-astra-pa-turing-certify-results-2026-09-03.md
999999999995.128	15	0	15	999999999995.128	15	EQUAL	5.0e-15	5.0e-15	data/turing_certify_1e12_windows.json
11.70071731999023927789	22	13	22	11.7007173199902392779	21	THEIRS	5.0e-21	5.0e-22	data/machine1_c32_units_check.out
11.7007173207551598572	21	0	21	11.700717320755178324	20	THEIRS	5.0e-20	5.0e-21	data/machine1_l171_c30_refit.out
11.700717321115046129	20	0	20	11.70071732119226618	19	THEIRS	5.0e-19	5.0e-20	data/machine1_c32_units_check.out
11.7007185799748947935	21	0	21	11.700718579974901023	20	THEIRS	5.0e-20	5.0e-21	data/machine1_l171_c30_refit.out
0.28407904384041227	17	16	17	0.2840790438404123	16	THEIRS	5.0e-16	5.0e-17	machine1-heat65-outcome-and-working-methods.md
3.25301178098798952	18	15	18	3.2530117809879896	17	THEIRS	5.0e-17	5.0e-18	machine1-cycle15-reply-three-corrections-adjudicated.md
11.70071716691318019057	22	0	22	11.700717166913180191	20	THEIRS	5.0e-20	5.0e-22	data/machine1_l171_c30_refit.out
11.70071720158405294652	22	0	22	11.700717201584052947	20	THEIRS	5.0e-20	5.0e-22	data/machine1_l171_c30_refit.out
11.70071722093127628275	22	0	22	11.700717220931276283	20	THEIRS	5.0e-20	5.0e-22	data/machine1_l171_c30_refit.out
11.70071725916216214355	22	0	22	11.700717259162162144	20	THEIRS	5.0e-20	5.0e-22	data/machine1_l171_c30_refit.out
11.70071729031494337243	22	0	22	11.700717290314943372	20	THEIRS	5.0e-20	5.0e-22	data/machine1_l171_c30_refit.out
11.70071731193056925225	22	0	22	11.700717311930569252	20	THEIRS	5.0e-20	5.0e-22	data/machine1_l171_c30_refit.out
11.70071731365140829431	22	0	22	11.700717313651408294	20	THEIRS	5.0e-20	5.0e-22	data/machine1_l171_c30_refit.out
11.70071731558006813667	22	0	22	11.700717315580068137	20	THEIRS	5.0e-20	5.0e-22	data/machine1_l171_c30_refit.out
11.70071731989587397118	22	22	22	11.700717319895873971	20	THEIRS	5.0e-20	5.0e-22	data/machine1_l171_c30_refit.out
11.7007173210511537630453	24	22	24	11.70071732105115376305	22	THEIRS	5.0e-22	5.0e-24	data/code/machine1_c32_units_check.py
11.7007173268834849	18	17	18	11.70071732688348	16	THEIRS	5.0e-16	5.0e-18	data/heat84_c28_legB_verify.out
11.7007173271329231	18	18	18	11.70071732713292	16	THEIRS	5.0e-16	5.0e-18	data/heat84_c28_legB_verify.out
11.7007173757872234	18	16	18	11.70071737578722	16	THEIRS	5.0e-16	5.0e-18	data/heat84_c28_legB_verify.out
11.70071790369700052463	22	0	22	11.700717903697000525	20	THEIRS	5.0e-20	5.0e-22	data/machine1_l171_c30_refit.out
11.70071794343184547116	22	0	22	11.700717943431852822	20	THEIRS	5.0e-20	5.0e-22	data/machine1_l171_c30_refit.out
11.70071854630320403863	22	0	22	11.700718546303204039	20	THEIRS	5.0e-20	5.0e-22	data/machine1_l171_c30_refit.out
11.70071857699826359816	22	0	22	11.700718576998263598	20	THEIRS	5.0e-20	5.0e-22	data/machine1_l171_c30_refit.out
11.7007189500395598	18	0	18	11.70071895003956	16	THEIRS	5.0e-16	5.0e-18	data/heat84_c28_legB_verify.out
3113034852.7302	14	14	14	3113034852.73	12	THEIRS	5.0e-12	5.0e-14	data/code/machine1_l171_c31b_check.out
0.37799731861372321824	20	20	18	0.377997318613723218	18	THEIRS	5.0e-18	5.0e-20	LANE_REGISTRY.md
4.102572403413173e-7	16	14	16	4.1025724034132e-7	14	THEIRS	5.0e-14	5.0e-16	data/code/machine1_heat72q_cycle23_grade.py
11.70071732067508397119	22	0	22	11.70071732067509867	19	THEIRS	5.0e-19	5.0e-22	data/machine1_c32_units_check.out
11.70071732564302772986	22	0	22	11.70071732564302773	19	THEIRS	5.0e-19	5.0e-22	data/machine1_l171_c30_refit.out
11.70071733393965011023	22	0	22	11.70071733393965011	19	THEIRS	5.0e-19	5.0e-22	data/machine1_l171_c30_refit.out
11.70071733817012448711	22	0	22	11.70071733817012449	19	THEIRS	5.0e-19	5.0e-22	data/machine1_heat86b_scored.out
11.70071793991922176981	22	0	22	11.70071793991922177	19	THEIRS	5.0e-19	5.0e-22	data/machine1_l171_c30_refit.out
0.000012358666777192682	17	0	17	1.2358666777193e-5	14	THEIRS	5.0e-14	5.0e-17	data/machine1_heat75_cycle25_verify.out
0.000012965524199220302938	20	20	20	1.2965524199220303e-5	17	THEIRS	5.0e-17	5.0e-20	data/machine1_heat77b_d4_e3_dps45.out
0.000002043245275314411635929011	25	20	25	0.000002043245275310082849767	22	THEIRS	5.0e-22	5.0e-25	data/heat82_c27_anchorblind_verify.out
0.00002043414489579706333876402	25	0	25	0.00002043414489579706333876	22	THEIRS	5.0e-22	5.0e-25	data/heat82_c27_anchorblind_verify.out
0.000021253705120081133	17	0	17	2.1253705120081e-5	14	THEIRS	5.0e-14	5.0e-17	data/machine1_heat75_cycle25_verify.out
0.00004239364411905785816252458	25	20	25	0.00004239364411905785816252	22	THEIRS	5.0e-22	5.0e-25	data/heat82_c27_anchorblind_verify.out
9.437482143326028e-8	16	13	16	9.437482143326e-8	13	THEIRS	5.0e-13	5.0e-16	data/code/machine1_heat72q_cycle23_grade.py
0.0000113024053869306474	18	12	18	1.1302405386931e-5	14	THEIRS	5.0e-14	5.0e-18	data/machine1_heat75_cycle25_verify.out
0.0000114276914741756278	18	0	18	1.1427691474176e-5	14	THEIRS	5.0e-14	5.0e-18	data/machine1_heat75_cycle25_verify.out
0.0000156622394198162003	18	12	18	1.5662239419816e-5	14	THEIRS	5.0e-14	5.0e-18	data/machine1_heat75_cycle25_verify.out
0.0000192562483441479384	18	12	18	1.9256248344148e-5	14	THEIRS	5.0e-14	5.0e-18	data/machine1_heat75_cycle25_verify.out
0.0000199877782467265233	18	12	18	1.9987778246727e-5	14	THEIRS	5.0e-14	5.0e-18	data/machine1_heat75_cycle25_verify.out
0.0000203481867891008638	18	12	18	2.0348186789101e-5	14	THEIRS	5.0e-14	5.0e-18	data/machine1_heat75_cycle25_verify.out
0.0000206266051388816556	18	0	18	2.0626605138882e-5	14	THEIRS	5.0e-14	5.0e-18	data/machine1_heat75_cycle25_verify.out
0.0000208276143712711451	18	0	18	2.0827614371271e-5	14	THEIRS	5.0e-14	5.0e-18	data/machine1_heat75_cycle25_verify.out
0.0000217581657134630285	18	0	18	2.1758165713463e-5	14	THEIRS	5.0e-14	5.0e-18	data/machine1_heat75_cycle25_verify.out
0.0000230852454443543496	18	0	18	2.3085245444354e-5	14	THEIRS	5.0e-14	5.0e-18	data/machine1_heat75_cycle25_verify.out
9.0230233504601213598e-6	20	16	20	9.023023350460122e-6	16	THEIRS	5.0e-16	5.0e-20	machine1-l167-cycle29B-adjudicated-verified-122-123-registered.md
0.00001117837732684384948	19	12	19	1.1178377326844e-5	14	THEIRS	5.0e-14	5.0e-19	data/machine1_heat75_cycle25_verify.out
1.2854140424731987e-7	17	12	17	1.28541404247e-7	12	THEIRS	5.0e-12	5.0e-17	data/machine1_heat75_cycle25_verify.out
0.2234889609786364321684392	25	20	25	0.22348896097863643215	20	THEIRS	5.0e-20	5.0e-25	data/machine1_heat77b_d4_e3_dps45.out
0.000011177202905786257308	20	0	20	1.1177202905786e-5	14	THEIRS	5.0e-14	5.0e-20	data/machine1_heat75_cycle25_verify.out
0.000011314535302249129339	20	12	20	1.1314535302249e-5	14	THEIRS	5.0e-14	5.0e-20	data/machine1_heat75_cycle25_verify.out
0.000011315619632427466235	20	12	20	1.1315619632427e-5	14	THEIRS	5.0e-14	5.0e-20	data/machine1_heat75_cycle25_verify.out
0.000011491673118805782665	20	12	20	1.1491673118806e-5	14	THEIRS	5.0e-14	5.0e-20	data/machine1_heat75_cycle25_verify.out
11.70071732617243968554	22	17	22	11.70071732616173	16	THEIRS	5.0e-16	5.0e-22	data/heat84_c28_legB_verify.out
0.000012346082009365195897	20	0	20	1.2346082009365e-5	14	THEIRS	5.0e-14	5.0e-20	data/machine1_heat75_cycle25_verify.out
0.000012346191072289338882	20	0	20	1.2346191072289e-5	14	THEIRS	5.0e-14	5.0e-20	data/machine1_heat75_cycle25_verify.out
1.3039833408734001568e-6	20	12	20	1.3039833408734e-6	14	THEIRS	5.0e-14	5.0e-20	data/machine1_heat75_cycle25_verify.out
0.000019160564251142871281	20	12	20	1.9160564251143e-5	14	THEIRS	5.0e-14	5.0e-20	data/machine1_heat75_cycle25_verify.out
0.000019161549085095014371	20	0	20	1.9161549085095e-5	14	THEIRS	5.0e-14	5.0e-20	data/machine1_heat75_cycle25_verify.out
0.000019651594214745387899	20	12	20	1.9651594214745e-5	14	THEIRS	5.0e-14	5.0e-20	data/machine1_heat75_cycle25_verify.out
0.000019662085031736461404	20	12	20	1.9662085031736e-5	14	THEIRS	5.0e-14	5.0e-20	data/machine1_heat75_cycle25_verify.out
0.000019695309897624865453	20	12	20	1.9695309897625e-5	14	THEIRS	5.0e-14	5.0e-20	data/machine1_heat75_cycle25_verify.out
0.000020635050745303980162	20	12	20	2.0635050745304e-5	14	THEIRS	5.0e-14	5.0e-20	data/machine1_heat75_cycle25_verify.out
0.000020771697387481140726	20	0	20	2.0771697387481e-5	14	THEIRS	5.0e-14	5.0e-20	data/machine1_heat75_cycle25_verify.out
0.000020801690059847499577	20	12	20	2.0801690059847e-5	14	THEIRS	5.0e-14	5.0e-20	data/machine1_heat75_cycle25_verify.out
2.90060210674461882e-6	18	12	18	2.90060210674e-6	12	THEIRS	5.0e-12	5.0e-18	data/machine1_heat75_cycle25_verify.out
2941.343409645514682200	22	22	0	2941.343409645515	16	THEIRS	5.0e-16	5.0e-22	data/heat57_xsite_law.out
3080.363888492393134565	22	22	0	3080.363888492393	16	THEIRS	5.0e-16	5.0e-22	data/heat57_xsite_law.out
7.7021019182572418651e-6	20	0	20	7.7021019182572e-6	14	THEIRS	5.0e-14	5.0e-20	data/machine1_heat75_cycle25_verify.out
0.000019658995286469870449	20	0	20	1.965899528647e-5	13	THEIRS	5.0e-13	5.0e-20	data/machine1_heat75_cycle25_verify.out
0.001123903193255665747441	22	22	22	0.0011239031932557	14	THEIRS	5.0e-14	5.0e-22	data/code/machine1_heat86_a_dispute_ladder.py
2.645521411788374749202	22	0	22	2.6455214117861	14	THEIRS	5.0e-14	5.0e-22	LANE_REGISTRY.md
0.715901410382353101826471806686390211412	39	28	39	0.715901410382353101826471806686	30	THEIRS	5.0e-30	5.0e-39	data/machine1_cycle16_zero_check.out
20.47553875539041250070580672257606628982697672534982415892304445074038	70	45	70	20.4755387553904105754015901041862271839908655588978505318629	60	THEIRS	5.0e-60	5.0e-70	data/results/m3_L171_a4_runA_output.txt
2.645521411811662868016126121203425397383542061426116391601434494133988	70	45	70	2.64552141181166286801612610709495901235009895377635768348022	60	THEIRS	5.0e-60	5.0e-70	data/results/m3_L170_G00_and_a_output.txt
47.29775881721048753252892984189264448715	40	28	40	47.2977588172104875325289298419	30	THEIRS	5.0e-30	5.0e-40	data/machine1_cycle16_zero_check.out
18.27116250114995103742643127267003069845583798142339490968430076608299	70	45	70	18.271162501149950953497895321776842232790188210809652700869	59	THEIRS	5.0e-59	5.0e-70	data/results/m3_L171_a5_runB_output.txt
0.604665681251852836643123626070601139328	39	28	39	0.6046656812518528366431236261	28	THEIRS	5.0e-28	5.0e-39	data/code/letter110_seven_zeros_verify.py
110.2778479937533731781573066709149353784	40	28	40	110.2778479937533731781573067	28	THEIRS	5.0e-28	5.0e-40	data/code/letter110_seven_zeros_verify.py
44.41100379785915585775068919377468929121	40	28	40	44.41100379785915585775068919	28	THEIRS	5.0e-28	5.0e-40	data/code/letter110_seven_zeros_verify.py
0.5246770865109702460561581363859170517377	40	28	40	0.5246770865109702460561581364	28	THEIRS	5.0e-28	5.0e-40	data/code/letter110_seven_zeros_verify.py
0.6203387601752353028098032884307054748114	40	28	40	0.6203387601752353028098032884	28	THEIRS	5.0e-28	5.0e-40	data/code/letter110_seven_zeros_verify.py
0.6310301952784749425929755304354963746469	40	28	40	0.6310301952784749425929755304	28	THEIRS	5.0e-28	5.0e-40	data/code/letter110_seven_zeros_verify.py
0.6608607494128433009276473936692815951709	40	28	40	0.6608607494128433009276473937	28	THEIRS	5.0e-28	5.0e-40	data/code/letter110_seven_zeros_verify.py
0.6852853131833004632846554525963375702378	40	28	40	0.6852853131833004632846554526	28	THEIRS	5.0e-28	5.0e-40	data/code/letter110_seven_zeros_verify.py
84.46688428178119162005426882055798964405	40	28	40	84.46688428178119162005426882	28	THEIRS	5.0e-28	5.0e-40	data/code/letter110_seven_zeros_verify.py
91.06135680391329435771957745869438819041	40	28	40	91.06135680391329435771957746	28	THEIRS	5.0e-28	5.0e-40	data/code/letter110_seven_zeros_verify.py
92.40067261379804243385567371291905783731	40	28	40	92.40067261379804243385567371	28	THEIRS	5.0e-28	5.0e-40	data/code/letter110_seven_zeros_verify.py
98.61599811620170433773193031445104738454	40	28	40	98.61599811620170433773193031	28	THEIRS	5.0e-28	5.0e-40	data/code/letter110_seven_zeros_verify.py
0.00001938636495511142948597724	25	0	25	1.93863649551e-5	12	THEIRS	5.0e-12	5.0e-25	data/heat84_c28_legB_verify.out
0.1417332396638871913954156850841850236231445619550166559428666039466590421897074308759327045441534914488594010712911557052299566314026453701541976364138148742188420142330184348	175	175	175	0.141733239663887191395415685084185023623144561955016655942866603946659042189707430875932704544153491448859401071291155704123242008525016251392377082433	150	THEIRS	5.0e-150	5.0e-175	data/results/m3_L171_Dstar_newton_refine_output.txt
111.029535543169674524656450309944350415345968	45	0	45	111.0295355431696745	19	THEIRS	5.0e-19	5.0e-45	letter19-astra-pa-graveyard-mining-conrey-li-2026-09-03.md
198.015309676251912424919918702208867155062695	45	0	45	198.015309676252	15	THEIRS	5.0e-15	5.0e-45	data/code/machine1_heat72s_m32_u45_matrices.json
147.422765342559602049521185010431506168772775	45	0	45	147.42276534256	14	THEIRS	5.0e-14	5.0e-45	data/code/machine1_heat72s_m32_u45_matrices.json
1.0358190282518332047200509449823316953728796221702158854025	59	0	59	1.035819028251833204720051	25	THEIRS	5.0e-25	5.0e-59	data/results/m3_L171_a4_runA_output.txt
11.70071732043366760115643248703981384933372309158163434335768649538461	70	44	70	11.7007173204313486662476372807001087	36	THEIRS	5.0e-36	5.0e-70	data/code/machine1_L176_selfcentring.py
7.462452876793686267533580351628741342713420050576096215872112391880894	70	45	70	7.46245287679360120222517372996362553	36	THEIRS	5.0e-36	5.0e-70	data/code/machine1_L176_selfcentring.py
1023.99696489309856959889907645107219615917800636694282081418	60	0	60	1023.996964893098572481203	25	THEIRS	5.0e-25	5.0e-60	data/results/m3_L171_a4_runA_output.txt
12067.5392838864358990914849002499145063064693759072935773828	60	0	60	12067.53928388643589907927	25	THEIRS	5.0e-25	5.0e-60	data/results/m3_L171_a4_runA_output.txt
15.9288374625486566146848751834920057118777925659017273717729	60	0	60	15.92883746254865661468488	25	THEIRS	5.0e-25	5.0e-60	data/results/m3_L171_a5_runB_output.txt
1788.11559372536854129115969212601420961223695871002281785294	60	0	60	1788.115593725368541289388	25	THEIRS	5.0e-25	5.0e-60	data/results/m3_L171_a4_runA_output.txt
20036.9667416032559384936916487313799793506055970515724213321	60	0	60	20036.96674160325593849369	25	THEIRS	5.0e-25	5.0e-60	data/results/m3_L171_a5_runB_output.txt
2497.21035835833941982879469997121927417987582907423301649117	60	0	60	2497.210358358339419823706	25	THEIRS	5.0e-25	5.0e-60	data/results/m3_L171_a4_runA_output.txt
255.959809467014373400242520103187695978354391280075464342879	60	0	60	255.9598094670143741208185	25	THEIRS	5.0e-25	5.0e-60	data/results/m3_L171_a4_runA_output.txt
264.454347122307911983672400226301534899854594672250603091837	60	0	60	264.4543471223079119836724	25	THEIRS	5.0e-25	5.0e-60	data/results/m3_L171_a4_runA_output.txt
28.4423352658193816385176234980665952453218895004288147272278	60	0	60	28.44233526581938163851762	25	THEIRS	5.0e-25	5.0e-60	data/results/m3_L171_a4_runA_output.txt
288.836370539457664139402281288501790134101396968819621974052	60	0	60	288.8363705394576641394023	25	THEIRS	5.0e-25	5.0e-60	data/results/m3_L171_a4_runA_output.txt
4095.99983314954149512294975459320029058585686339093572027343	60	0	60	4095.999833149541495123422	25	THEIRS	5.0e-25	5.0e-60	data/results/m3_L171_a5_runB_output.txt
5.31691198313966349161522824112137830071683155502981816145525e-44	60	0	60	5.316911983139663491615228e-44	25	THEIRS	5.0e-25	5.0e-60	data/code/machine1_L176_selfcentring.py
63.6436054510928436205635222378642572900873638855268424999746	60	0	60	63.64360545109284380070751	25	THEIRS	5.0e-25	5.0e-60	data/results/m3_L171_a4_runA_output.txt
7.44131606631590982878928926677901279209658564629524276968449	60	0	60	7.441316066315909828789289	25	THEIRS	5.0e-25	5.0e-60	data/results/m3_L171_a4_runA_output.txt
81707.8887503504815916161196646430240924540032566975097184604	60	0	60	81707.88875035048159042992	25	THEIRS	5.0e-25	5.0e-60	data/results/m3_L171_a5_runB_output.txt
0.0921370533958171443638818246418781369860186649656897428814079	60	0	60	0.09213705339581714436388182	25	THEIRS	5.0e-25	5.0e-60	data/results/m3_L171_a5_runB_output.txt
95.8811399235215489283280893173078240013693378533475901294228	60	0	60	95.88113992352154892832809	25	THEIRS	5.0e-25	5.0e-60	data/results/m3_L171_a4_runA_output.txt
999.053043304492252354371558575777492074754631929155859827204	60	0	60	999.0530433044922523543716	25	THEIRS	5.0e-25	5.0e-60	data/results/m3_L171_a5_runB_output.txt
